,Kcal (kcal),Kjoule (kJ),Water (g),Protein (g),Carbohydrates (g),Sugars (g),Fat (g),Saturated Fat (g),Monounsaturated fat (g),Polyunsaturated fat (g),Cholesterol (mg),Fiber (g),Emotional Value,Health Value
"Adzuki beans, cooked",131.0,548.0,65.9,7.2,24.8,,0.1,0.0,0.0,0.0,0.0,,5.0,6.0
"Agar-agar, seaweed, dried",365.0,1526.0,4.6,6.0,80.0,0.0,0.0,0.0,0.0,0.0,0.0,8.4,,
"Alaska pollak, raw",75.0,314.0,81.5,16.7,0.0,0.0,0.8,0.0,0.0,0.1,80.0,0.0,5.3,6.2
"Alfalfa, sprouted seeds, raw ",43.0,181.0,87.9,4.1,3.9,,0.7,,,,0.0,2.4,6.0,7.2
Almond oil,882.0,3687.0,0.2,0.0,0.0,0.0,99.8,8.5,61.5,26.5,0.0,0.0,5.8,7.1
Almond paste,445.0,1860.0,15.0,10.0,43.5,41.0,24.5,2.0,14.5,4.5,35.0,6.0,6.3,3.7
Almonds,583.0,2437.0,10.7,19.5,6.2,3.1,52.0,3.8,34.5,12.0,0.0,10.6,7.3,7.7
"Anchovy, european, raw",102.0,427.0,76.6,20.1,0.0,0.0,2.3,0.8,0.4,0.6,68.0,0.0,5.5,6.5
Anise seed,425.0,1777.0,4.0,10.0,55.0,,15.0,0.6,0.8,5.0,0.0,15.0,5.8,6.4
Apple cider 5 % v/v,10.0,42.0,96.5,0.0,2.5,2.5,0.0,0.0,0.0,0.0,0.0,0.0,5.9,5.1
"Apple juice, bottled, unsweetened",42.0,180.0,88.4,0.1,10.5,10.5,0.0,0.0,0.0,0.0,0.0,0.0,6.7,7.0
"Apple pie, Dutch",248.0,1036.0,48.5,4.2,35.0,22.0,9.8,3.5,3.5,2.0,50.0,1.5,7.8,5.1
"Apple, fresh",54.0,229.0,84.3,0.4,12.0,11.8,0.0,0.0,0.0,0.0,0.0,2.3,8.4,9.2
"Applesauce, canned, sweetened",81.0,341.0,78.5,0.2,19.2,19.2,0.1,0.0,0.0,0.0,0.0,1.0,7.2,6.2
"Apricot, canned, no skin",74.0,310.0,80.3,0.5,17.0,16.0,0.1,0.0,0.0,0.0,0.0,1.1,5.9,5.9
"Apricot, dried",274.0,1145.0,26.9,5.0,58.5,55.8,0.1,0.0,0.0,0.0,0.0,8.5,6.2,7.8
"Apricot, fresh",60.0,252.0,83.4,1.4,11.5,7.7,0.4,0.0,0.0,0.0,0.0,2.3,7.4,8.7
"Arachide oil, peanut",879.0,3674.0,0.5,0.0,0.0,0.0,99.5,16.0,53.0,30.0,1.2,0.0,5.8,6.3
"Artichokes, harts",46.0,195.0,87.3,2.7,7.6,7.5,0.3,0.0,0.0,0.0,0.0,1.1,6.0,7.7
"Artichokes, raw",52.0,218.0,85.5,2.4,9.5,9.4,0.1,0.0,0.0,0.0,0.0,1.5,5.6,7.6
"Arugula, raw",13.0,58.0,95.0,1.3,1.0,0.8,0.2,0.0,0.0,0.0,0.0,1.5,7.5,8.6
"Asparagus, white, canned",22.0,94.0,93.3,1.9,3.2,1.1,0.1,0.0,0.0,0.0,0.0,0.5,5.8,6.3
"Asparagus, white, raw",17.0,73.0,94.1,1.9,1.3,1.2,0.2,0.0,0.0,0.0,0.0,1.5,8.0,8.7
"Avocados, raw",188.0,790.0,70.4,2.6,1.5,1.4,18.1,3.8,11.3,2.0,0.0,6.4,6.5,8.2
"Bacon, cured, european-style, raw",373.0,1559.0,47.0,18.0,0.0,0.0,34.0,13.7,13.5,5.0,71.0,0.0,7.0,4.8
"Bacon, cured, grilled",262.0,1095.0,60.7,15.8,0.2,0.0,22.3,7.9,10.9,2.5,36.0,0.0,5.2,4.1
"Bacon, cured, raw",399.0,1668.0,45.0,15.2,0.4,0.0,37.9,13.5,20.7,4.1,36.0,0.5,6.4,4.4
"Bacon, pork",882.0,3687.0,0.1,0.2,0.0,0.0,99.7,37.1,41.1,11.3,90.0,0.0,5.0,3.6
"Bacon, raw, without skin",329.0,1375.0,53.2,16.7,0.0,0.0,29.1,10.5,16.5,1.0,50.0,0.0,5.8,4.2
"Bagels, plain",313.0,1308.0,26.4,10.0,55.0,6.0,5.1,,,,0.0,2.5,5.1,4.2
"Baklava, Turkish pastry",464.0,1940.0,13.4,4.0,55.6,28.0,25.0,9.5,8.0,5.7,80.0,1.0,6.0,4.0
"Bamboo shoots, raw",28.0,119.0,91.6,2.5,3.5,0.0,0.2,0.1,0.0,0.0,0.0,1.2,5.7,7.2
"Bananas, fresh",86.0,363.0,76.8,1.2,18.8,18.2,0.2,0.0,0.0,0.1,0.0,2.0,8.0,8.3
"Barley, flakes",386.0,1613.0,0.9,9.1,77.0,1.5,2.0,0.4,0.2,1.0,0.0,10.0,,
"Barley, flour",301.0,1258.0,26.0,11.0,58.0,1.5,2.0,0.4,0.2,0.8,0.0,2.0,,
"Barley, raw",333.0,1392.0,11.4,11.0,59.5,1.5,2.1,0.4,0.2,1.0,0.0,15.0,4.8,7.0
"Basil, dried",308.0,1287.0,18.1,14.4,44.5,0.0,4.0,0.0,2.0,2.0,0.0,18.0,5.8,6.4
"Basil, fresh",47.0,197.0,86.2,3.0,5.0,4.6,0.8,0.1,0.1,0.5,0.0,4.0,7.4,7.6
"Bass, freshwater, mixed species, raw",87.0,366.0,80.0,15.0,0.0,0.0,3.0,,,,55.0,0.0,6.1,7.5
"Beans, butter/green, cooked",24.0,103.0,89.5,2.5,3.6,2.5,0.0,0.0,0.0,0.0,0.0,3.4,8.3,8.6
"Beans, butter/green, raw",36.0,152.0,85.9,2.4,6.0,2.4,0.3,0.0,0.0,0.0,0.0,3.5,,
"Beans, white, cooked",114.0,480.0,65.9,7.5,14.5,0.0,0.6,0.1,0.1,0.3,0.0,10.5,6.1,6.9
"Beef chunks, cooked",198.0,833.0,60.0,30.0,0.5,0.0,8.5,3.6,3.4,0.9,30.0,0.0,,5.7
"Beef chunks, raw",115.0,483.0,74.0,22.1,0.0,0.0,2.9,1.3,0.0,1.2,55.5,0.0,,
"Beef loin tip, flaps, raw",171.0,713.0,68.0,20.8,0.0,0.0,9.7,4.3,4.1,0.5,60.0,0.0,7.1,6.4
"Beef steak, loin",116.0,488.0,73.0,23.7,0.0,0.0,2.3,1.0,0.9,0.2,55.5,0.0,7.5,7.1
"Beef, chuck, shoulder tender, lean, raw",110.0,461.0,74.3,22.6,0.0,0.0,2.1,0.8,0.7,0.1,60.0,0.0,6.8,6.4
"Beef, ribeye",146.0,613.0,70.0,22.8,0.2,0.0,6.0,2.9,2.6,0.2,62.0,0.0,,
"Beef, ribeye, prepared",199.0,836.0,61.8,26.0,1.0,0.0,10.2,4.0,3.7,0.9,80.0,0.0,7.2,7.0
"Beef, roulade, lean",154.0,648.0,69.7,21.0,0.8,0.0,7.5,5.1,2.4,0.0,55.0,0.0,7.0,7.0
"Beef, shank, meat",114.0,480.0,73.8,22.6,0.0,0.0,2.6,1.1,1.0,0.1,55.0,0.0,6.1,6.0
"Beef, sirloin, roulade",126.0,530.0,72.5,22.5,0.0,0.0,4.0,1.7,1.6,0.0,62.0,0.0,5.9,5.7
"Beef, smoked, lean",152.0,640.0,69.0,22.9,0.6,0.0,6.5,3.4,2.2,1.0,50.0,0.0,7.2,7.1
"Beef, tenderloin",126.0,528.0,72.1,21.5,0.0,0.0,4.4,1.0,2.0,0.0,60.0,0.0,7.3,7.0
"Beer, no alcohol",15.0,64.0,95.2,0.3,3.5,0.1,0.0,0.0,0.0,0.0,0.0,0.0,5.6,4.8
"Beer, pilsener 5 % v/v",42.0,175.0,93.0,0.5,3.0,0.3,0.0,0.0,0.0,0.0,0.0,0.0,6.2,4.1
"Beer, strong, more than 7 % v/v",52.0,220.0,88.0,0.7,3.8,3.8,0.0,0.0,0.0,0.0,0.0,0.0,6.5,3.8
"Beer, white 5 % v/v",45.0,189.0,89.7,0.5,3.8,3.8,0.0,0.0,0.0,0.0,0.0,0.0,6.0,4.0
"Beet juice, red",38.0,158.0,88.7,1.1,8.2,8.0,0.0,0.0,0.0,0.0,0.0,0.0,5.1,7.4
"Beetroot, red, cooked",34.0,143.0,89.2,1.4,5.8,5.7,0.0,0.0,0.0,0.0,0.0,2.6,6.7,7.8
"Beetroot, red, raw",43.0,183.0,86.9,2.0,7.0,6.0,0.2,0.0,0.0,0.0,0.0,2.9,,
"Bell pepper, mixed varieties",26.0,109.0,91.5,1.0,4.5,3.5,0.0,0.0,0.0,0.0,0.0,2.0,7.8,8.7
"Beverage, carbonated, mixed varieties",42.0,178.0,88.5,0.0,10.5,10.5,0.0,0.0,0.0,0.0,0.0,0.0,6.0,3.6
"Beverage, carbonated, mixed varieties, light",0.0,0.0,99.0,0.0,0.0,0.0,0.0,0.0,0.0,0.0,0.0,0.0,5.8,5.7
"Biscuit, savoury, average",521.0,2178.0,0.0,8.0,65.0,10.5,25.0,10.5,7.5,2.4,0.0,2.0,,
"Black beans, raw",154.0,647.0,57.0,9.0,24.0,,0.5,,,,0.0,8.5,5.4,6.7
Black currant,47.0,200.0,85.6,1.2,8.5,7.0,0.2,0.0,0.0,0.0,0.0,3.5,7.3,8.5
Black pudding,374.0,1563.0,46.8,15.2,3.0,0.0,34.0,12.1,14.5,3.8,105.0,0.0,4.2,4.6
"Blackberries, raw",58.0,243.0,83.1,1.2,8.5,6.8,1.0,0.1,0.1,0.6,0.0,5.2,7.8,8.7
"Bloater, fried",234.0,983.0,60.0,23.0,0.0,0.0,16.0,3.5,8.6,2.5,80.0,0.0,5.6,6.1
"Bloater, smoked",270.0,1128.0,55.3,22.5,0.0,0.0,20.2,5.5,11.5,4.5,75.0,0.0,5.6,6.2
"Bloater, steamed",227.0,954.0,61.9,20.9,0.0,0.0,16.2,3.8,8.0,3.2,82.0,0.0,5.3,7.0
Blueberries,75.0,316.0,77.1,0.6,14.5,14.0,0.2,0.0,0.0,0.0,0.0,6.6,6.7,8.6
"Bok choi, raw,",9.0,38.0,96.2,1.0,0.8,0.0,0.0,0.0,0.0,0.0,0.0,1.0,5.8,8.1
"Bonbon, mixed varieties",461.0,1927.0,5.5,3.5,70.0,68.0,18.0,12.0,3.0,1.0,10.0,2.0,6.8,3.2
"Boursin, cheese",410.0,1714.0,46.8,8.4,1.5,1.0,41.8,25.4,12.6,1.8,105.0,0.5,6.8,4.8
"Brains, pork, raw",122.0,513.0,79.4,10.6,0.0,0.0,9.0,1.6,1.3,1.0,2500.0,0.0,2.3,3.7
"Brandy,  45 % v/v",218.0,913.0,68.5,0.0,0.0,0.0,0.0,,,,0.0,0.0,4.4,3.9
Bratwurst,313.0,1308.0,50.6,22.4,1.5,0.0,24.5,8.1,10.0,3.0,40.0,0.0,5.7,3.5
Brazil nuts,679.0,2838.0,6.8,14.0,4.5,2.3,67.0,15.0,35.0,16.0,0.0,6.7,6.1,6.2
"Bread crumbs, plain",383.0,1601.0,6.0,13.0,73.0,6.0,3.0,1.5,1.0,0.5,0.0,4.0,,
"Bread rolls, mixed varieties",299.0,1249.0,27.5,9.5,55.0,0.0,3.5,1.3,1.2,1.0,35.0,3.5,7.3,6.3
"Bread rolls, regular",282.0,1178.0,33.2,8.5,50.0,0.0,4.5,2.0,1.0,1.0,8.0,2.8,7.4,5.8
"Bread, baguette, white",283.0,1182.0,24.0,8.4,58.0,2.0,1.9,0.6,0.4,0.9,32.0,3.5,6.0,5.1
"Bread, brown",256.0,1070.0,37.0,7.0,45.6,2.9,3.7,1.3,1.4,0.9,1.5,5.7,8.7,8.7
"Bread, mix wheat and rye",220.0,922.0,43.7,6.7,41.5,2.0,1.6,0.3,0.4,0.8,0.0,5.5,7.8,8.1
"Bread, Multi-Grain",262.0,1095.0,35.2,9.5,45.0,2.0,3.4,1.2,1.2,1.0,1.0,5.9,8.4,8.8
"Bread, pita, white",267.0,1116.0,32.8,8.8,52.0,2.0,1.5,,,,,3.9,6.7,6.4
"Bread, raisin",289.0,1208.0,35.0,6.3,46.0,9.3,8.0,4.3,2.2,0.7,0.0,3.7,7.4,6.2
"Bread, raisin, enriched",273.0,1141.0,35.4,6.8,49.0,10.6,4.6,2.1,1.6,0.4,28.0,3.2,7.5,7.1
"Bread, rye, dark",198.0,833.0,47.0,5.5,36.0,12.5,1.5,0.2,0.5,0.6,1.0,9.0,7.6,8.5
"Bread, rye, mixed varieties",242.0,1011.0,39.8,6.2,44.5,6.4,3.0,1.0,0.8,1.1,1.0,5.5,7.4,8.4
"Bread, seven grain",266.0,1111.0,34.6,9.7,46.0,2.3,3.4,1.2,1.2,0.9,34.0,5.3,7.0,8.1
"Bread, sourdough, whole-wheat",206.0,864.0,46.4,7.5,35.4,0.0,2.0,0.3,0.3,1.0,0.5,7.7,6.5,7.1
"Bread, sugarloaf",310.0,1295.0,25.0,7.0,54.4,17.3,7.2,4.0,1.9,0.5,41.0,2.4,5.5,3.5
"Bread, toasted, regular",370.0,1547.0,11.0,13.5,68.0,14.5,4.0,1.0,0.9,1.5,0.0,2.5,7.0,7.5
"Bread, wheat",266.0,1111.0,34.3,8.2,48.8,2.4,3.0,1.2,0.9,0.9,1.5,4.7,8.4,8.6
"Bread, white, made with low fat milk",255.0,1065.0,38.8,9.2,45.0,4.5,3.5,1.8,1.0,0.5,3.5,2.5,5.8,4.7
"Bread, white, made with water",236.0,991.0,41.7,8.3,44.5,3.0,2.0,0.5,0.4,0.8,0.0,2.5,4.8,4.1
"Bread, whole-wheat",246.0,1446.0,37.6,8.4,43.5,1.5,2.6,0.5,0.5,1.2,0.5,6.9,8.5,8.7
Bream fish,115.0,484.0,77.0,16.5,0.0,0.0,5.5,1.6,1.6,1.2,110.0,0.0,5.1,7.3
"Broadbeans, cooked",42.0,177.0,86.0,4.5,3.7,0.0,0.0,0.0,0.0,0.0,0.0,4.8,6.5,7.8
"Broadbeans, raw",31.0,133.0,87.7,0.3,4.5,0.0,0.0,0.0,0.0,0.0,0.0,6.5,,
"Broccoli, cooked",29.0,124.0,89.6,3.2,2.0,2.0,0.1,0.0,0.0,0.0,0.0,4.1,8.0,9.2
"Broccoli, raw",29.0,125.0,90.0,3.3,2.0,1.5,0.2,0.0,0.0,0.0,0.0,3.5,,
"Brown beans, cooked",110.0,462.0,63.7,7.6,18.1,0.0,0.7,0.1,0.1,0.4,0.0,8.9,6.8,8.2
Brownie,484.0,2028.0,9.5,5.2,57.5,45.2,25.8,9.0,5.0,6.5,65.0,1.0,6.2,3.8
"Brussels sprouts, cooked",25.0,108.0,87.8,3.0,3.4,3.1,0.0,0.0,0.0,0.0,0.0,4.8,7.3,8.5
"Brussels sprouts, raw",37.0,155.0,85.5,3.8,4.2,4.0,0.5,0.0,0.0,0.0,0.0,4.0,,
Buckwheat,358.0,1496.0,10.6,10.4,72.6,2.2,1.7,0.4,0.6,0.6,0.0,3.7,,
Buckwheat flour,362.0,1513.0,10.0,10.8,69.9,2.0,2.7,0.5,0.9,0.8,0.0,5.6,,
Bulgur,375.0,1574.0,6.5,9.5,80.0,2.2,1.0,0.1,0.1,0.4,0.0,2.0,4.9,5.8
"Burger, vegetables, Vegetarian",139.0,586.0,70.0,9.0,11.0,4.0,6.0,0.7,1.7,3.6,0.0,3.0,4.5,6.5
"Butter Cake, Dutch ",516.0,2157.0,8.0,4.5,55.0,32.0,31.0,10.0,10.5,6.5,70.0,0.5,6.3,3.1
"Butter, light",343.0,1434.0,58.0,2.8,1.2,1.1,37.0,22.5,11.0,1.5,100.0,0.0,7.0,6.9
"Butter, unsalted",735.0,3072.0,14.1,0.7,0.7,0.7,82.5,54.0,23.5,3.5,240.0,0.0,6.3,6.8
Butterfish,287.0,1200.0,56.5,18.5,0.0,0.0,24.0,1.0,20.0,2.5,85.0,0.0,5.9,6.6
"Buttermilk porridge, groats",49.0,209.0,87.0,3.5,7.5,3.5,0.5,0.2,0.1,0.0,1.0,0.5,,
"Buttermilk, sweetened",53.0,223.0,86.2,2.3,10.2,10.2,0.3,0.2,0.1,0.0,1.0,0.0,4.1,5.0
"Buttermilk, unsweetened",32.0,133.0,91.0,2.5,4.5,4.5,0.4,0.3,0.1,0.0,1.0,0.0,6.2,7.7
"Cabbage, Chinese, pak choi, raw",20.0,84.0,92.9,1.2,1.8,0.0,0.3,0.0,0.0,0.0,0.0,2.8,,
"Cabbage, green, savoy, raw",46.0,194.0,86.4,4.3,3.2,1.2,0.9,0.0,0.0,0.7,0.0,4.2,5.6,8.2
"Cabbage, oxheart, raw",33.0,141.0,89.2,3.0,4.0,4.0,0.6,0.0,0.0,0.0,0.0,2.2,7.0,8.1
"Cabbage, red, canned",46.0,194.0,86.5,1.0,9.5,9.5,0.0,0.0,0.0,0.0,0.0,2.0,7.9,7.1
"Cabbage, red, cooked",18.0,78.0,93.2,1.2,2.4,2.2,0.0,0.0,0.0,0.0,0.0,2.2,7.9,8.4
"Cabbage, red, raw",26.0,112.0,91.3,1.5,3.5,3.0,0.2,0.0,0.0,0.0,0.0,2.5,,
"Cabbage, savoy, cooked, boiled",30.0,127.0,91.2,1.2,2.8,0.0,1.0,0.2,0.1,0.5,0.0,2.8,5.0,7.2
"Cabbage, white, raw",27.0,117.0,91.0,1.5,3.8,3.6,0.2,0.0,0.0,0.0,0.0,2.5,6.6,7.2
"Cake gingerbread, ready-to-eat",308.0,1287.0,23.4,3.3,67.7,36.1,1.7,0.5,0.6,0.5,1.0,2.9,7.4,6.6
"Cake, fresh fruit topping",251.0,1049.0,51.2,3.5,30.7,25.6,12.5,6.0,4.0,1.0,72.0,1.1,6.2,4.1
"Cake, pound",444.0,1856.0,18.5,7.5,47.0,25.0,25.0,8.0,0.0,0.0,90.0,1.0,6.5,4.1
"Cake, pound, prepared with butter",443.0,1852.0,17.8,6.5,50.0,29.8,24.1,10.0,9.8,3.9,170.0,0.6,6.9,4.0
"Cake, sponge, whipped cream topping",321.0,1341.0,43.4,5.0,30.0,24.5,20.2,12.5,4.2,1.3,90.0,0.4,6.9,4.0
"Campari, bitter 25 % v/v",203.0,855.0,63.0,0.0,20.0,20.0,0.0,0.0,0.0,0.0,0.0,0.0,,
"Candied peel, mixed varieties",307.0,1283.0,19.7,0.5,75.0,72.0,0.0,0.0,0.0,0.0,0.0,2.8,4.9,4.8
"Candy, hard, mixed varieties",385.0,1609.0,5.0,0.1,95.0,95.0,0.0,0.0,0.0,0.0,0.0,0.0,5.6,4.2
"Candy, mixed varieties",398.0,1664.0,15.0,3.5,68.5,65.0,12.0,,,,,0.0,6.0,3.2
"Candy, toffee, mixed varieties",464.0,1940.0,7.2,3.1,69.5,57.5,19.2,9.0,7.6,2.0,15.0,0.0,5.2,3.6
"Candy, tutti frutti",259.0,1082.0,29.0,2.0,56.5,49.6,0.0,0.0,0.0,0.0,0.0,11.5,6.0,6.6
"Capuchins, shocker pea, canned",104.0,438.0,70.9,6.5,14.0,0.0,1.0,0.0,0.0,0.8,0.0,6.6,5.9,6.6
Caramel custard pudding,147.0,617.0,67.0,3.5,23.0,21.1,4.5,3.1,0.0,0.0,101.0,0.0,6.2,4.6
"Carbonated beverage, mixed varieties,",41.0,170.0,88.0,0.0,10.0,10.0,0.0,0.0,0.0,0.0,0.0,0.0,6.3,4.2
"Carbonated beverages, mixed varieties, diet",7.0,30.0,97.2,0.0,1.8,0.0,0.0,0.0,0.0,0.0,0.0,0.0,6.1,4.9
"Carp, raw",115.0,482.0,76.0,18.0,0.0,0.0,4.8,1.0,2.2,1.3,75.0,0.0,4.5,6.6
"Carrot juice, canned",30.0,127.0,91.5,0.0,7.5,7.0,0.0,0.0,0.0,0.0,0.0,0.0,6.1,7.9
"Carrots, baby, raw",33.0,140.0,89.2,1.0,5.2,4.9,0.2,0.0,0.0,0.0,0.0,3.4,7.7,8.6
"Carrots, cooked",27.0,116.0,90.6,0.8,4.7,4.4,0.0,0.0,0.0,0.0,0.0,2.9,7.1,7.5
"Cashew nuts, raw",591.0,2470.0,4.0,18.5,22.5,0.0,46.5,9.5,28.0,7.5,0.0,7.5,7.8,6.6
Cassava flour,350.0,1463.0,11.9,2.8,82.0,3.5,0.3,0.0,0.0,0.0,0.0,2.0,,
"Cassava, raw",141.0,591.0,62.9,1.0,32.0,0.0,0.2,0.0,0.0,0.0,0.0,2.9,5.4,6.1
"Catfish, cooked",132.0,554.0,70.5,25.0,0.0,0.0,3.5,1.2,1.1,0.9,70.0,0.0,6.3,7.2
"Cauliflower, cooked",20.0,86.0,92.8,1.9,2.2,2.0,0.0,0.0,0.0,0.0,0.0,2.1,7.9,8.5
"Cauliflower, raw",24.0,102.0,91.8,2.0,3.0,2.5,0.0,0.0,0.0,0.0,0.0,2.2,,
"Caviar, black",273.0,1141.0,53.9,26.1,0.0,0.0,19.0,5.0,8.1,5.3,300.0,0.0,4.7,5.4
Caviar-like imitation,120.0,504.0,77.0,15.5,0.0,0.0,6.5,2.4,3.0,0.5,320.0,0.0,4.0,4.7
Cayenne pepper,371.0,1551.0,13.5,11.5,30.5,0.0,17.0,4.5,3.5,9.0,0.0,26.5,6.0,5.9
"Celeriac, raw",31.0,133.0,86.6,2.0,5.0,0.0,0.4,0.0,0.0,0.0,0.0,5.0,6.2,8.0
Celery leaves,12.0,51.0,94.2,1.0,2.0,0.0,0.0,0.0,0.0,0.0,0.0,1.8,7.0,7.9
"Celery, raw",17.0,75.0,93.1,0.7,3.5,0.0,0.1,0.0,0.0,0.0,0.0,1.6,7.1,8.4
"Ceps, porcini mushroom",20.0,84.0,93.4,2.5,0.0,0.0,0.6,0.0,0.0,0.0,0.0,2.5,5.5,6.9
Champagne,76.0,318.0,97.0,0.3,1.3,1.3,0.0,0.0,0.0,0.0,0.0,0.0,5.8,3.8
"Chanterelle, raw",19.0,81.0,92.4,2.1,1.1,0.0,0.0,0.0,0.0,0.0,0.0,3.4,6.1,7.2
"Chard, swiss, raw",23.0,98.0,90.5,1.8,3.5,3.0,0.2,0.0,0.0,0.0,0.0,2.0,5.7,7.8
Cheddar cheese 50+,389.0,1626.0,40.9,25.4,0.5,0.5,32.2,22.5,8.5,0.5,100.0,0.0,5.8,4.7
Cheese 20+,235.0,988.0,55.0,32.0,0.0,0.0,12.0,8.0,3.5,0.5,40.0,0.0,6.7,7.8
Cheese 30+,253.0,1057.0,56.0,26.5,0.0,0.0,16.5,10.0,5.5,0.5,50.0,0.0,6.9,7.0
Cheese 40+,317.0,1325.0,48.5,26.9,0.0,0.0,23.6,14.9,5.4,0.6,83.0,0.0,6.8,5.3
Cheese 45+,364.0,1522.0,44.0,25.5,0.0,0.0,29.5,20.0,7.5,1.0,115.0,0.0,6.8,5.3
Cheese 48+,382.0,1597.0,41.5,24.5,0.0,0.0,32.0,20.0,10.0,1.0,110.0,0.0,6.7,5.4
Cheese puffs,565.0,2367.0,1.5,6.4,55.0,,35.7,,,,5.0,0.4,,
"Cheese spread, Gouda 20 +",176.0,741.0,66.0,17.0,7.0,7.0,9.0,5.2,3.0,0.1,35.0,0.0,6.6,7.2
"Cheese spread, Gouda based",315.0,1316.0,48.3,18.2,9.5,,23.0,14.8,,0.7,60.0,0.0,6.7,6.0
"Cheese spread, Gouda, 48 +",267.0,1116.0,58.5,17.0,2.0,2.0,21.5,13.0,6.0,1.0,70.0,0.0,6.6,5.2
"Cheese, 10+ ",193.0,810.0,59.0,33.5,0.0,0.0,6.5,4.1,1.4,0.2,30.0,0.0,,
"Cheese, Brie 50+",338.0,1413.0,48.5,22.5,0.0,0.0,28.0,18.0,8.0,1.0,100.0,0.0,6.5,4.5
"Cheese, Camenbert 30+",215.0,899.0,61.0,23.5,0.0,0.0,13.5,8.5,2.9,0.2,38.0,0.0,6.7,6.1
"Cheese, Camenbert 45+",282.0,1178.0,54.7,21.0,0.0,0.0,22.3,13.5,4.8,0.4,90.0,0.0,6.7,5.0
"Cheese, cottage",100.0,422.0,79.1,12.8,2.9,2.9,4.2,2.9,1.1,0.1,20.0,0.0,6.2,6.4
"Cheese, cottage, Hüttenkase",98.0,411.0,78.9,12.3,2.5,2.5,4.3,2.5,1.0,0.0,0.0,0.0,5.8,6.6
"Cheese, creamed, with walnuts",321.0,1341.0,53.4,13.7,3.4,3.4,28.5,13.5,7.6,2.9,70.0,0.0,5.5,4.6
"Cheese, Danish blue",377.0,1576.0,46.0,19.0,0.0,0.0,34.0,21.5,9.0,1.2,90.0,0.0,5.8,5.1
"Cheese, Edam 40+",313.0,1308.0,45.5,26.1,0.0,0.0,23.4,15.5,6.0,0.7,71.0,0.0,6.5,5.6
"Cheese, Edam, 30+",250.0,1045.0,52.4,26.4,0.0,0.0,16.2,10.7,4.5,0.5,45.0,0.0,6.4,6.5
"Cheese, Fèta",252.0,1053.0,62.1,14.2,1.2,0.0,21.5,15.0,,0.8,15.0,0.0,6.7,6.2
"Cheese, Gorgonzola",354.0,1479.0,48.4,19.4,0.0,0.0,31.2,20.5,7.0,1.0,90.0,0.0,5.5,5.2
"Cheese, Gouda, 48+",390.0,1630.0,41.0,25.5,0.0,0.0,32.5,20.0,10.5,1.0,115.0,0.0,,
"Cheese, Gouda, smoked",311.0,1299.0,51.0,22.0,1.5,1.0,24.5,14.5,6.5,1.5,95.0,0.0,5.0,5.2
"Cheese, grated",217.0,909.0,55.5,35.0,0.0,0.0,8.5,5.5,2.2,0.1,26.0,0.0,7.4,5.5
"Cheese, Gruyère",411.0,1718.0,35.0,29.5,1.0,1.0,32.5,21.0,8.5,2.0,110.0,0.0,5.6,5.8
"Cheese, Kernhemmer",423.0,1768.0,40.5,19.5,0.0,0.0,39.0,25.0,10.0,2.0,120.0,0.0,5.5,5.9
"Cheese, Leerdammer 45+",367.0,1534.0,42.5,27.5,0.0,0.0,29.0,18.0,7.0,0.8,90.0,0.0,6.6,5.5
"Cheese, Limburger, 40+",269.0,1124.0,55.5,22.5,1.5,1.5,19.5,12.9,4.5,0.4,90.0,0.0,5.6,5.1
"Cheese, Maaslander 48+",374.0,1563.0,43.3,24.7,0.0,0.0,31.0,21.0,7.6,0.7,89.0,0.0,6.3,5.1
"Cheese, mascarpone",408.0,1705.0,47.8,5.0,4.2,4.2,42.0,29.3,9.1,0.8,120.0,0.0,6.0,5.1
"Cheese, monterey",374.0,1563.0,43.0,24.6,0.7,0.0,30.7,,,,,0.0,,
"Cheese, mozzarella",246.0,1446.0,56.9,20.0,4.6,0.0,16.5,10.0,,,50.0,0.0,6.1,5.6
"Cheese, parmesan",422.0,1764.0,28.5,40.0,2.0,1.8,28.5,18.0,9.5,1.0,81.0,0.0,6.4,5.6
"Cheese, Port du salut",310.0,1295.0,53.0,20.0,0.0,0.0,26.0,19.0,5.5,0.5,80.0,0.0,6.0,5.4
"Cheese, Provolone",346.0,1446.0,45.1,25.0,2.1,0.6,26.8,17.3,7.5,0.8,70.0,0.0,4.5,5.2
"Cheese, ricotta, whole milk",171.0,719.0,74.3,9.5,0.2,0.0,15.0,8.5,3.8,0.5,50.0,0.0,5.4,5.1
"Cheese, Roquefort",359.0,1501.0,48.0,19.0,0.0,0.0,32.0,20.8,7.6,1.1,82.0,0.0,5.9,5.3
"Cheese, Saint Paulin",333.0,1392.0,47.2,25.0,1.0,1.0,25.8,19.0,5.2,0.4,85.0,0.0,5.7,5.6
"Cheese, sheep, mixed varieties",301.0,1258.0,52.2,15.3,6.5,5.5,24.0,17.0,5.5,1.1,90.0,0.0,5.2,5.4
"Cheese, Stilton",413.0,1726.0,39.5,23.5,0.0,0.0,36.0,23.0,11.4,1.4,110.0,0.0,4.9,5.3
"Cheese, Swiss Emmenthaler, 45+",379.0,1584.0,37.6,28.7,0.0,0.0,29.7,19.2,0.0,0.0,92.0,0.0,6.3,5.5
"Cheese, Swiss, mixed varieties",377.0,1576.0,38.7,28.9,3.6,3.0,27.8,17.8,6.4,0.8,90.0,0.0,6.0,5.4
"Cheese, with cumin seeds",271.0,1132.0,57.3,20.0,0.1,0.0,21.5,,,,65.0,0.1,6.7,6.5
Cheeseburger,283.0,1189.0,44.8,14.0,26.5,,13.5,,,,40.0,0.2,6.4,6.0
"Cheeseburger, vegetarian",258.0,1078.0,50.6,15.2,15.8,2.0,14.4,5.3,7.3,1.8,17.0,3.0,5.5,5.9
Cheesecake,308.0,1292.0,45.3,5.4,28.6,,19.2,,,,,0.5,,
"Cheesecake, mixed varieties",241.0,1007.0,54.5,5.0,26.0,23.5,13.0,9.0,3.9,0.1,72.0,0.5,6.4,4.2
"Cherries, red, sour, fresh",52.0,220.0,84.9,1.0,11.0,11.0,0.0,0.0,0.0,0.0,0.0,2.1,5.8,6.3
"Cherries, red, sweet, fresh",54.0,228.0,84.9,0.5,12.0,11.5,0.1,0.0,0.0,0.0,0.0,1.5,8.0,8.6
"Chestnuts, raw",188.0,789.0,51.5,4.0,35.0,6.5,2.0,0.2,0.4,0.5,0.0,6.5,5.9,6.9
Chewing gum,284.0,1187.0,4.0,0.0,70.0,70.0,0.0,0.0,0.0,0.0,0.0,0.0,6.0,7.4
"Chewing gum, sugarless",0.0,0.0,3.0,0.0,0.0,0.0,0.0,0.0,0.0,0.0,0.0,0.0,6.9,6.4
Chiabatta,238.0,997.0,40.0,8.5,45.0,2.5,1.5,0.3,0.2,0.8,0.0,4.0,7.4,6.4
Chicken chops with peanut sauce,229.0,962.0,58.0,15.0,12.0,0.0,13.5,3.3,4.6,3.4,40.0,0.5,6.6,6.0
"Chicken, breast, meat only, cooked",157.0,658.0,65.0,30.0,0.0,0.0,4.0,1.5,1.0,0.7,35.0,0.0,7.9,7.3
"Chicken, breast, meat only, raw",100.0,420.0,75.3,22.8,0.0,0.0,0.9,0.2,0.2,0.2,45.0,0.0,7.9,7.5
"Chicken, leg, meat and skin, raw",103.0,435.0,76.1,20.6,0.0,0.0,2.3,0.7,0.6,0.5,74.0,0.0,6.7,6.4
"Chicken, liver",132.0,554.0,71.3,22.5,1.0,0.0,4.2,1.5,1.2,1.2,520.0,0.0,4.6,5.3
"Chicken, meat and skin, raw",165.0,694.0,69.8,19.3,0.0,0.0,9.9,2.5,3.9,1.5,80.0,0.0,6.3,5.4
"Chicken, meat only, raw",138.0,581.0,72.2,20.5,0.0,0.0,6.3,1.6,2.5,1.0,20.0,0.0,7.0,6.9
"Chicken, roulade",176.0,738.0,68.5,18.0,1.5,0.0,11.0,5.0,3.0,2.1,20.0,0.0,7.1,6.8
"Chickpeas, cooked, boiled",119.0,502.0,70.1,7.5,13.0,0.0,3.0,0.4,0.5,1.3,0.0,5.4,5.5,6.7
"Chickpeas, dried, raw",325.0,1358.0,18.0,20.0,48.0,,3.5,,,,0.0,9.5,,
"Chickpeas, seeds, green",155.0,652.0,61.5,7.5,22.0,0.0,3.0,0.0,0.0,0.0,0.0,5.0,,
"Chicory, raw",13.0,58.0,95.1,1.3,1.1,0.0,0.2,0.0,0.0,0.0,0.0,1.3,7.5,8.7
"Chicory, witloof, cooked",14.0,61.0,94.8,1.2,1.9,1.7,0.0,0.0,0.0,0.0,0.0,1.1,7.5,8.4
"Chili peppers, dried",366.0,1530.0,16.5,12.5,33.0,0.0,16.0,2.5,3.5,8.5,0.0,21.0,6.1,6.4
"Chili peppers, pimento, raw",31.0,132.0,91.2,0.9,5.8,0.0,0.5,0.0,0.0,0.0,0.0,0.6,,
Chili powder,380.0,1588.0,12.5,12.0,32.0,0.0,17.5,4.5,0.0,0.0,0.0,25.0,6.0,5.6
"Chillies, red, fried",59.0,248.0,87.0,4.5,2.5,0.5,3.5,1.5,0.8,0.6,0.0,1.5,5.6,5.5
"Chinese cabbage, cooked",19.0,81.0,92.7,1.0,2.5,0.0,0.0,0.0,0.0,0.0,0.0,2.8,7.0,8.2
Chipolatapudding,228.0,958.0,57.3,5.2,24.0,21.9,12.5,6.5,0.0,0.0,70.0,0.0,5.4,4.1
"Chive, fresh",58.0,246.0,84.4,3.6,8.5,0.0,0.7,0.0,0.0,0.6,0.0,1.8,7.5,8.0
"Chocolate milk, beverage, non-fat",68.0,285.0,82.9,3.5,12.0,12.0,0.6,0.0,0.3,0.0,2.0,0.0,5.7,5.7
"Chocolate milk, beverage, reduced fat",79.0,328.0,82.0,3.2,12.9,12.9,1.6,0.8,0.5,0.1,14.0,0.0,6.4,5.2
"Chocolate milk, beverage, whole",100.0,421.0,78.7,3.6,12.9,12.9,3.8,1.8,0.8,0.1,6.0,0.0,5.8,3.9
"Chocolate pudding, ready-to-eat",105.0,441.0,76.3,3.2,16.0,12.0,3.0,2.0,1.0,0.0,10.0,0.5,6.8,5.3
Chocolate spread with hazelnut,567.0,2370.0,0.0,4.5,55.0,52.0,36.0,9.5,11.5,10.0,0.0,4.0,6.7,4.4
"Chocolate spread, dark",617.0,2579.0,0.0,4.5,65.0,62.0,37.0,12.0,20.5,2.5,0.0,4.5,6.7,4.7
"Chocolate spread, milk",563.0,2353.0,0.2,4.0,57.8,52.6,35.0,11.5,20.0,2.5,0.0,2.0,6.6,4.7
Chocolate with hazelnuts,577.0,2412.0,2.0,9.5,44.0,44.0,40.0,20.0,0.0,0.0,7.5,3.5,6.9,4.5
"Chocolate, dark, 45-59% cacao solids",513.0,2144.0,10.6,5.3,49.0,49.0,33.0,20.2,0.0,0.0,0.0,1.1,6.5,5.7
"Chocolate, milk",541.0,2261.0,2.1,9.2,55.0,55.0,31.5,19.0,0.0,0.0,0.0,1.2,7.0,5.6
"Chocolate, white",560.0,2341.0,0.1,7.6,58.0,57.0,33.3,20.5,12.0,0.8,24.0,0.0,6.2,3.4
Chorizo sausage,360.0,1505.0,45.4,23.0,0.6,,30.0,14.5,3.5,6.0,,0.0,,
"Cider, apple",10.0,42.0,96.5,0.0,2.5,2.5,0.0,0.0,0.0,0.0,0.0,0.0,4.9,4.0
"Cinnamon, ground",314.0,1312.0,12.0,3.8,55.0,0.0,3.2,1.0,0.0,1.0,0.0,25.0,7.1,5.9
Cloves,427.0,1785.0,12.3,6.2,51.0,0.0,20.0,2.0,8.0,10.0,0.0,9.5,6.6,6.7
"Cockle, shellfish",64.0,267.0,82.4,15.5,0.0,0.0,0.1,0.0,0.0,0.0,230.0,0.0,5.0,6.2
Cocoa powder,405.0,1693.0,9.9,19.8,10.8,2.2,24.5,13.0,0.0,0.0,0.0,34.0,,
"Coconut milk, canned",208.0,872.0,73.0,1.5,3.0,0.0,21.5,18.5,1.0,0.2,0.0,0.0,5.7,5.6
"Coconut milk, fresh",21.0,91.0,93.3,0.7,3.7,2.5,0.2,0.2,0.0,0.0,0.0,1.1,5.5,7.1
Coconut oil,878.0,3670.0,0.2,0.8,0.0,0.0,99.0,86.5,6.5,1.5,0.6,0.0,4.6,5.6
"Coconut, meat, grated",742.0,3102.0,0.0,7.0,19.0,,69.0,5.0,8.6,3.5,0.0,14.0,6.9,6.6
"Coconut, meat, raw",410.0,1714.0,37.0,4.0,3.0,1.0,40.0,31.0,2.0,1.0,0.0,15.0,5.9,6.6
"Cod, Atlantic, fillet, cooked",118.0,495.0,73.4,22.0,0.6,0.0,3.0,0.7,0.4,0.6,70.0,0.0,7.1,7.8
"Cod, Atlantic, raw",72.0,304.0,81.9,16.4,0.0,0.0,0.7,0.1,0.1,0.4,52.0,0.0,,
"Cod, chopped, battered and fried",221.0,927.0,60.7,24.5,0.0,0.0,13.8,1.7,6.9,4.2,85.0,0.0,7.0,4.8
Cod-liver oil,881.0,3683.0,0.0,0.0,0.0,0.0,99.8,,,,,0.0,3.6,6.8
"Coffee with cream and sugar, ready-to-drink",22.0,93.0,93.6,0.7,4.6,2.7,0.1,0.0,0.0,0.0,0.0,0.0,6.8,5.3
"Coffee with cream, ready-to-drink",10.0,44.0,96.4,0.7,1.9,0.2,0.1,0.0,0.0,0.0,0.0,0.0,6.6,5.3
"Coffee, black, ready-to-drink",0.0,1.0,98.8,0.0,0.0,0.0,0.0,0.0,0.0,0.0,0.0,0.2,6.7,5.5
"Coffee, cream, powder",550.0,2299.0,3.8,4.2,55.0,55.0,35.0,34.0,1.0,0.0,0.0,0.0,4.9,4.3
"Cognac, 40 % v/v",220.0,924.0,66.0,0.0,1.0,1.0,0.0,0.0,0.0,0.0,0.0,0.0,4.7,4.0
Cola,44.0,187.0,88.0,0.0,11.0,11.0,0.0,0.0,0.0,0.0,0.0,0.0,6.3,3.4
Cola diet,1.0,5.0,98.7,0.0,0.3,0.0,0.0,0.0,0.0,0.0,0.0,0.0,5.2,4.3
"Condensed milk, canned, unsweetened",131.0,550.0,74.5,6.5,9.5,,7.5,5.0,,,25.0,0.0,4.7,5.4
"Cookie, coconut macaroons",550.0,2299.0,3.5,5.5,53.0,30.0,35.0,22.0,11.0,2.0,40.0,2.0,6.3,4.6
"Cookie, shortbread, plain",518.0,2165.0,3.7,5.4,58.0,26.0,28.9,11.0,10.2,5.8,50.0,3.0,6.0,4.1
"Cookie, soft-type, mixed varieties",399.0,1668.0,26.5,7.9,37.0,10.0,23.7,15.9,6.2,0.9,72.0,3.9,6.1,4.1
"Cookies, shortbread, mixed varieties",421.0,1760.0,3.0,8.5,78.0,52.0,7.5,4.5,2.3,0.7,20.0,2.0,7.4,5.5
"Cooking oil, mixed varieties",879.0,3674.0,0.0,0.0,0.0,0.0,99.5,15.9,22.9,56.9,0.0,0.0,5.3,6.0
"Cordon bleu, vegetarian",249.0,1040.0,52.5,17.5,9.0,1.5,15.0,1.5,3.0,10.5,,5.0,,
"Coriander, leaf, raw ",37.0,157.0,84.9,4.0,1.0,,0.0,0.0,0.0,0.0,0.0,9.1,6.6,6.9
"Corn flour, whole grain, yellow",365.0,1526.0,12.1,8.9,75.0,7.5,2.8,0.0,0.8,1.6,0.0,0.2,,
Corn oil (maize oil),868.0,3632.0,25.0,0.0,0.0,0.0,96.5,13.5,27.5,55.5,0.0,0.0,,
"Corn on the cob, cooked",127.0,532.0,69.9,3.4,23.1,0.5,2.1,0.2,,,0.0,0.5,6.1,6.7
"Corn, yellow, canned",121.0,507.0,68.5,3.5,22.5,1.0,1.0,0.0,,,0.0,3.5,6.5,6.6
"Corn, yellow, raw",354.0,1480.0,11.3,9.2,65.5,1.5,3.8,0.0,0.8,1.6,0.0,9.2,6.0,6.6
Corned beef,225.0,943.0,64.7,12.8,3.5,0.3,18.0,8.0,7.0,1.0,93.0,0.0,5.1,4.8
Cornflakes,376.0,1577.0,5.3,7.9,81.5,7.5,0.8,0.0,0.0,0.7,0.0,3.5,,
Cornstarch,370.0,1547.0,7.6,0.3,90.5,4.5,0.1,0.0,0.0,0.0,0.0,0.5,,
"Couscous, prepared",147.0,618.0,69.5,7.5,14.0,2.0,6.5,3.1,2.5,0.6,10.0,1.5,5.5,6.2
"Couscous, raw",368.0,1538.0,7.0,12.5,74.0,1.0,1.0,0.0,0.5,0.0,0.0,4.5,,
"Crab, mixed species, raw",85.0,354.0,77.0,17.0,1.0,0.0,1.4,0.4,0.3,0.7,120.0,0.0,6.7,7.1
"Cracker, light",358.0,1500.0,5.5,12.0,63.5,2.5,2.5,0.5,0.4,1.0,0.0,15.5,6.3,7.0
"Crackers, crispbread, extra fiber",352.0,1471.0,9.0,13.0,45.0,2.5,8.0,1.3,2.2,2.9,,24.0,7.3,8.0
"Crackers, crispbread, plain ",388.0,1622.0,9.5,12.0,65.0,12.0,7.5,3.5,2.5,1.0,0.0,5.0,7.8,7.8
"Crackers, crispbread, poppy seed",401.0,1676.0,6.5,11.0,66.0,4.2,8.5,2.5,2.7,2.6,0.0,7.0,7.2,7.5
"Crackers, crispbread, reduced fat",341.0,1425.0,7.8,10.0,64.0,2.5,1.2,0.4,0.2,0.2,0.0,16.0,6.7,7.1
"Crackers, crispbread, Sandwich, plain",481.0,2011.0,8.1,11.5,48.0,5.5,26.0,16.0,7.6,2.2,0.0,5.4,7.3,7.5
"Dab, flatfish, Atlantic, cooked",112.0,470.0,75.1,20.7,0.0,0.0,3.2,1.0,0.5,1.2,60.0,0.0,5.3,6.2
"Dab, flatfish, Atlantic, raw",95.0,400.0,79.0,17.0,0.0,0.0,3.0,0.6,0.8,1.0,75.0,0.0,,
Dagoe leaves,35.0,150.0,89.5,3.5,4.8,0.0,0.0,0.0,0.0,0.0,0.0,1.2,4.9,5.9
"Dandelion green, raw",56.0,236.0,85.4,2.7,9.2,0.0,0.7,0.0,0.0,0.0,0.0,1.0,5.0,7.0
"Danish pastry, apricots",278.0,1162.0,41.3,5.2,35.3,10.3,11.8,8.3,2.8,0.4,24.0,5.4,5.5,3.9
"Danish pastry, chocolate filling",382.0,1597.0,20.0,7.1,30.1,8.1,25.9,12.4,10.4,2.6,67.0,,5.9,3.6
"Danish pastry, raisins",283.0,1182.0,37.6,5.8,36.1,14.1,11.0,6.2,3.7,1.1,36.0,8.5,6.0,4.8
"Date, candied",286.0,1195.0,24.2,1.8,65.0,63.5,0.0,0.0,0.0,0.0,0.0,8.0,5.0,7.0
"Date, fresh",152.0,638.0,58.8,2.2,33.0,29.0,0.0,0.0,0.0,0.0,0.0,5.0,6.3,8.0
"Dear, game meat, raw",121.0,509.0,72.8,23.0,0.0,0.0,3.2,2.1,1.0,0.0,70.0,0.0,5.7,6.6
Donuts with creme filling,372.0,1555.0,35.5,7.0,31.0,10.0,24.5,7.0,8.0,7.5,25.0,1.0,4.7,2.9
"Donuts, plain",440.0,1839.0,18.5,4.5,50.0,15.0,24.5,6.5,8.5,7.5,40.0,1.5,4.4,3.3
"Donuts, plain, sugared or glazed",416.0,1739.0,21.5,5.5,48.5,18.0,22.0,6.5,7.1,6.5,30.0,1.5,5.1,3.4
"Duck, wild, meat and skin, raw",225.0,944.0,63.7,18.1,0.0,0.0,17.2,7.5,0.0,0.0,80.0,0.0,5.2,6.0
"Eel, mixed species, raw",200.0,838.0,68.5,14.5,0.0,0.0,16.0,4.3,7.7,3.1,155.0,0.0,,
"Eel, river, raw",213.0,893.0,66.2,16.0,0.0,0.0,16.8,4.0,11.5,1.0,220.0,0.0,5.3,6.7
"Eel, smoked",244.0,1019.0,61.7,17.8,0.0,0.0,19.5,5.7,10.2,3.6,160.0,0.0,6.8,6.5
Egg salad,239.0,999.0,63.0,8.0,7.0,6.9,20.0,2.5,9.5,6.0,150.0,1.0,6.4,4.4
"Egg, white, raw",49.0,208.0,87.0,11.1,0.7,0.0,0.2,0.0,0.0,0.0,0.0,0.0,6.0,5.9
"Egg, whole, dried, powder",570.0,2383.0,8.0,46.0,3.0,3.0,42.0,10.5,16.0,7.5,1640.0,0.0,,
"Egg, whole, fried",235.0,986.0,64.5,13.5,1.0,0.0,20.0,7.5,0.0,0.0,300.0,0.0,8.1,6.4
"Egg, whole, hard-boiled",154.0,645.0,74.2,12.9,0.7,0.0,11.2,3.5,5.0,1.5,320.0,0.0,8.0,7.5
"Egg, whole, omelet",144.0,607.0,76.3,9.4,2.2,0.0,11.1,4.4,0.0,1.1,380.0,0.0,8.5,6.5
"Egg, whole, raw",139.0,582.0,76.5,12.5,0.0,0.0,10.0,2.5,3.0,1.8,350.0,0.0,,
"Egg, yolk, raw",348.0,1455.0,50.8,16.2,0.0,0.0,32.0,8.0,0.0,0.0,1350.0,0.0,6.2,5.4
"Eggplant, raw",25.0,107.0,91.6,1.2,3.5,1.5,0.2,0.0,0.0,0.0,0.0,2.5,6.2,8.0
"Endive, green, raw",16.0,70.0,93.0,1.5,1.0,0.0,0.0,0.0,0.0,0.0,0.0,3.5,7.0,8.8
"Energy bar, mixed variaties",419.0,1751.0,7.8,4.9,72.0,39.0,11.5,4.0,4.6,2.6,,2.8,,
"Energy drink, mixed variaties",81.0,340.0,79.0,0.0,20.0,3.2,0.0,0.0,0.0,0.0,0.0,0.0,6.3,7.0
"Escargots, land snails, cooked",80.0,336.0,80.4,16.0,1.6,0.0,1.0,0.0,0.0,0.0,0.0,0.0,4.3,5.8
"Falafel, prepared",275.0,1149.0,40.9,9.1,27.0,,12.5,3.6,6.1,2.7,,9.5,5.0,5.0
"Fat, animal, solid, for deep-frying",884.0,3695.0,0.0,0.0,0.0,0.0,100.0,40.0,52.0,8.0,0.0,0.0,3.6,2.3
"Fennel, bulb, raw",40.0,171.0,90.0,2.0,7.0,0.0,0.0,0.0,0.0,0.0,0.0,2.3,6.3,8.0
"Figs, dried, uncooked",270.0,1128.0,26.7,3.5,54.0,54.0,1.3,0.0,0.0,0.0,0.0,13.5,5.7,7.0
"Figs, fresh",64.0,269.0,82.3,1.4,13.0,13.0,0.2,0.0,0.0,0.0,0.0,2.1,5.9,7.7
"Fish sticks, breaded, fried",247.0,1032.0,51.7,15.1,18.3,1.4,12.4,2.9,5.1,3.6,58.0,1.5,5.8,4.5
"Fish sticks, breaded, mixed varieties, raw",159.0,669.0,67.0,12.5,12.5,1.5,6.5,1.5,2.4,2.4,100.0,0.5,6.0,4.7
"Flatfish, flounder, prepared",102.0,431.0,76.0,21.0,0.0,0.0,2.0,0.6,0.7,0.4,90.0,0.0,4.2,4.8
"Flatfish, flounder, raw",80.0,335.0,79.5,17.5,0.0,0.0,1.0,,,,55.0,0.0,7.1,8.2
"Flatfish, sole, cooked",119.0,500.0,72.5,24.0,0.0,0.0,2.5,1.0,1.0,0.4,90.0,0.0,7.3,7.9
"Flatfish, sole, raw",79.0,332.0,81.9,15.0,0.0,0.0,2.1,0.5,0.5,0.7,92.0,0.0,,
"French fries, deep fried",327.0,1366.0,35.4,4.5,40.0,1.5,16.0,9.5,0.0,6.0,10.0,3.1,5.9,4.0
"French fries, oven-heated",307.0,1283.0,34.0,5.5,46.0,0.0,10.5,4.0,0.0,0.0,1.0,3.0,6.1,5.4
"French fries, sticks",515.0,2153.0,5.0,6.5,48.5,0.0,31.5,6.0,0.0,0.0,0.0,7.5,6.2,3.5
"French fries, unsalted",287.0,1200.0,43.3,4.2,33.5,0.0,14.5,5.5,0.0,0.0,1.0,3.5,6.1,5.3
"Frog legs, raw",69.0,289.0,82.3,16.4,0.0,0.0,0.3,0.1,0.1,0.1,32.0,0.0,3.7,5.5
"Gamba, shellfish",97.0,407.0,75.8,20.5,0.2,0.0,1.5,,,,,0.0,6.1,7.1
Gammon pork,142.0,598.0,71.2,20.5,1.0,1.0,6.3,2.5,2.1,0.8,38.0,0.0,6.4,5.7
"Gammon steak, pork",150.0,632.0,69.7,22.6,0.0,0.0,6.7,2.6,2.7,1.0,62.0,0.0,,
"Gammon steak, pork, cooked",212.0,889.0,59.6,28.0,0.4,0.0,11.0,4.0,4.1,1.2,40.0,0.0,6.8,6.0
"Garlic, raw",140.0,589.0,63.9,6.0,28.0,22.0,0.1,0.0,0.0,0.0,0.0,1.0,7.8,8.3
"Garter, green beans, raw",42.0,180.0,87.7,3.0,7.0,0.0,0.0,0.0,0.0,0.0,0.0,1.3,5.6,7.1
"Gelatin, dried",366.0,1530.0,8.9,90.0,0.0,0.0,0.1,0.0,0.0,0.0,0.0,0.0,,
"Gin Dutch, berry flavored,16 % v/v",184.0,770.0,65.0,0.0,18.0,18.0,0.0,0.0,0.0,0.0,0.0,0.0,3.5,3.1
"Gin Dutch, blended, 28 % v/v",196.0,820.0,72.0,0.0,0.0,0.0,0.0,0.0,0.0,0.0,0.0,0.0,3.7,3.1
"Gin Dutch, lemon flavored, 30 % v/v",160.0,668.0,74.0,0.0,3.0,3.0,0.0,0.0,0.0,0.0,0.0,0.0,3.6,3.1
"Gin Dutch, old-style, 28 % v/v",200.0,837.0,71.0,0.0,1.0,1.0,0.0,0.0,0.0,0.0,0.0,0.0,3.8,3.5
"Gin, 37 % v/v",210.0,882.0,69.0,0.0,0.0,0.0,0.0,0.0,0.0,0.0,0.0,0.0,3.5,3.4
Ginger ale,15.0,64.0,96.2,0.0,3.8,3.8,0.0,0.0,0.0,0.0,0.0,0.0,5.3,4.5
"Ginger root, raw",62.0,262.0,84.1,1.2,11.5,0.0,1.0,0.0,0.0,0.7,0.0,1.2,6.0,7.3
"Ginger, canned, heavy syrup",289.0,1208.0,26.2,0.0,70.0,68.0,0.0,0.0,0.0,0.0,0.0,2.8,4.8,5.7
"Goat cheese, semisoft type",264.0,1103.0,58.3,14.2,4.0,0.0,21.5,11.5,4.9,0.7,90.0,0.0,6.3,6.3
"Goat cheese, soft type",205.0,862.0,68.6,12.0,1.1,1.1,17.3,11.1,4.6,0.6,50.0,0.0,6.1,6.7
"Goat meat, domesticated, raw",150.0,631.0,71.4,19.5,0.0,0.0,8.1,2.2,3.2,0.7,60.0,0.0,3.9,5.8
"Goose, meat and skin, cooked, roasted",278.0,1162.0,51.2,30.0,0.0,0.0,17.8,7.4,7.0,2.6,75.0,0.0,3.9,5.1
"Goose, meat and skin, raw",340.0,1421.0,50.8,15.7,0.5,0.0,31.0,12.7,12.0,4.5,75.0,0.0,,
"Gooseberries, fresh",36.0,153.0,90.0,1.0,8.0,7.8,0.0,0.0,0.0,0.0,0.0,0.0,7.0,8.2
"Goulash, Hungarian soup",118.0,497.0,78.8,9.8,1.7,1.2,8.0,3.0,1.8,1.3,32.0,0.7,5.2,5.0
Grape juice,69.0,290.0,81.9,0.2,16.9,16.5,0.0,0.0,0.0,0.0,0.0,0.0,6.3,6.7
Grape seed oil ,879.0,3674.0,0.0,0.0,0.0,0.0,99.5,11.7,16.7,67.4,0.0,0.0,,
"Grapefruit juice, fresh",37.0,158.0,89.7,0.5,8.5,7.2,0.1,0.0,0.0,0.0,0.0,0.2,6.6,8.4
"Grapefruit juice, sweetened, bottled",48.0,205.0,86.9,0.5,11.3,10.4,0.1,0.0,0.0,0.0,0.0,0.2,5.3,5.4
"Grapefruit, fresh",45.0,191.0,87.2,0.6,9.5,7.5,0.2,0.0,0.0,0.0,0.0,1.5,7.4,8.7
"Grapes, blue, fresh",53.0,224.0,85.2,0.9,11.5,11.0,0.1,0.0,0.0,0.0,0.0,1.3,7.6,8.0
"Grapes, green/white, fresh",57.0,242.0,84.5,0.5,13.5,13.3,0.0,0.0,0.0,0.0,0.0,0.5,7.9,8.3
"Green beans, flat pods, cooked",21.0,91.0,90.2,1.8,3.6,0.0,0.0,0.0,0.0,0.0,0.0,3.4,7.9,8.4
"Green beans, flat pods, raw",18.0,75.0,89.8,2.0,2.0,0.0,0.2,0.0,0.0,0.0,0.0,4.0,,
"Green salad, mixed varieties",19.0,82.0,93.1,1.0,2.9,1.8,0.0,0.0,0.0,0.0,0.0,2.0,8.1,9.0
"Grouse, game meat, cooked",183.0,767.0,61.5,31.0,0.0,0.0,6.5,,3.1,,,0.0,4.6,5.5
"Guava, fresh",46.0,195.0,85.8,0.9,7.5,6.0,0.5,0.0,0.0,0.0,0.0,4.3,5.2,6.2
"Gurnard, fish, cooked",169.0,709.0,66.0,25.5,0.1,0.0,7.4,2.0,2.6,2.2,90.0,0.0,5.5,6.7
"Hake, fish, raw",78.0,327.0,80.8,17.3,0.0,0.0,0.9,0.2,0.2,0.4,20.0,0.0,5.0,6.2
"Halibut, Atlantic and Pacific, white, raw",105.0,441.0,76.0,20.5,0.0,0.0,2.5,0.4,0.6,1.0,38.0,0.0,6.0,7.8
"Ham, cooked, sliced, regular",136.0,572.0,73.3,17.4,1.5,1.0,6.8,2.3,3.4,1.0,55.0,0.0,6.6,5.4
"Ham, dried, Prociutto",198.0,831.0,64.2,22.8,0.0,0.0,12.0,4.4,6.7,0.8,80.0,0.0,7.5,6.5
"Ham, leg, whole, lean",162.0,679.0,70.3,17.7,1.4,1.3,9.6,3.7,3.1,4.9,38.0,0.0,6.9,5.8
"Ham, pork, cured, dried, raw",201.0,845.0,64.0,21.5,1.0,1.0,12.5,4.4,5.8,0.8,85.0,0.0,7.5,6.0
"Hamburger, plain, cooked",272.0,1137.0,55.5,21.0,2.5,0.0,20.0,8.8,7.8,1.0,60.0,0.0,5.6,4.2
"Hamburger, plain, raw",229.0,962.0,61.2,18.0,3.8,0.0,16.0,7.0,6.3,0.7,75.0,0.0,,
"Hamburger, vegetarian",168.0,707.0,65.5,16.0,7.0,2.6,8.0,0.9,1.6,5.5,0.0,2.5,4.5,6.0
"Hare, game",114.0,481.0,74.2,21.8,0.0,0.0,3.0,1.3,0.7,1.0,65.0,0.0,4.8,6.2
"Haricots verts, string beans, raw",44.0,186.0,86.4,2.4,6.1,2.8,0.3,0.1,0.0,0.1,0.0,3.8,7.1,7.7
Hazelnut oil,883.0,3691.0,0.0,0.0,0.0,0.0,100.0,7.8,76.5,11.2,0.0,0.0,5.4,6.1
"Hazelnuts, raw",667.0,2788.0,4.2,14.2,10.6,8.5,62.5,4.2,52.5,5.0,0.0,7.5,7.1,7.5
"Heart, pork, raw",100.0,419.0,77.5,17.0,0.0,0.0,3.5,,,,150.0,0.0,3.1,4.1
"Herring, Atlantic, pickled, glas",208.0,872.0,66.5,16.0,0.5,0.0,16.0,4.4,9.4,1.0,90.0,0.0,5.6,6.2
"Herring, Atlantic, raw",216.0,906.0,64.0,18.0,0.5,0.0,16.0,5.0,3.0,6.0,80.0,0.0,7.2,8.1
"Herring, Atlantic, salted",183.0,767.0,68.0,18.0,1.0,0.0,12.0,3.0,2.0,5.0,72.0,0.0,6.1,6.8
"Herring, Atlantic, smoked",236.0,989.0,60.3,22.1,0.0,0.0,16.6,4.0,8.1,3.1,72.0,0.0,6.5,6.7
"Herring, canned, tomato sauce",164.0,687.0,70.9,14.8,2.8,0.5,10.5,2.7,4.0,2.7,90.0,0.0,5.5,5.7
"Herring, slightly salted, raw",165.0,695.0,69.5,19.0,0.8,0.0,9.7,2.4,4.8,1.6,60.0,0.0,6.8,7.8
Hollandaise sauce,98.0,411.0,84.0,1.8,5.4,,7.8,4.6,1.6,0.4,20.0,0.0,,
Honey,308.0,1287.0,23.1,0.4,75.5,75.1,0.0,0.0,0.0,0.0,0.0,0.0,7.5,7.5
"Horse meat, raw",108.0,454.0,74.6,22.4,0.0,0.0,2.0,0.5,0.5,0.5,60.0,0.0,4.9,5.9
Horseradish,72.0,302.0,77.3,3.1,10.3,7.0,0.3,0.1,0.2,0.0,0.0,8.0,4.8,6.3
Hotdog,251.0,1055.0,50.3,10.2,27.0,,11.4,,,,,0.1,5.5,3.5
"Hummus, organic",242.0,1011.0,55.9,6.1,10.5,,18.0,2.1,7.5,,6.8,8.5,,
"Ice cream, frozen novelties, juice type",96.0,405.0,75.2,0.1,23.5,22.3,0.1,0.0,0.0,0.0,0.0,0.1,,
"Ice cream, mixed varieties",196.0,822.0,63.3,3.9,21.0,20.0,10.8,7.5,3.0,0.1,10.0,0.0,,
"Ice cream, vanilla, rich",257.0,1074.0,55.0,3.9,23.5,23.0,16.5,9.8,4.5,0.4,20.0,0.1,7.6,4.2
"Jams, reduced sugar, mixed varieties",135.0,569.0,65.0,0.0,33.0,32.0,0.0,0.0,0.0,0.0,0.0,1.0,6.7,5.4
"Jams, strawberry",247.0,1032.0,37.1,0.4,60.0,59.0,0.0,0.0,0.0,0.0,0.0,1.5,6.6,6.7
Jerusalem artichoke,81.0,343.0,80.0,2.5,17.5,,0.1,,,,0.0,,5.4,6.8
"Kale, raw ",51.0,215.0,86.3,4.3,5.5,0.0,0.9,0.2,0.0,0.4,0.0,2.0,7.9,8.6
Kefir,63.0,262.0,86.7,3.3,4.5,,3.5,2.0,1.0,0.0,10.0,0.0,4.9,6.1
"Kelp, seaweed, raw",86.0,362.0,78.3,7.5,10.5,,1.2,0.6,0.2,0.1,0.0,1.5,4.4,5.7
"Khaki-fruit, fresh",78.0,327.0,79.5,0.5,18.5,18.3,0.0,0.0,0.0,0.0,0.0,0.5,4.2,5.6
"Kidney beans, raw",126.0,528.0,67.7,7.8,21.5,1.4,0.5,0.0,0.0,0.0,0.0,1.5,6.5,6.1
"Kidneys, beef, raw",86.0,363.0,80.0,17.0,0.0,0.0,2.0,0.6,0.5,0.5,260.0,0.0,3.1,3.7
"Kidneys, pork, raw",116.0,486.0,76.5,16.5,0.8,0.0,5.2,1.7,3.2,0.2,370.0,0.0,3.0,3.7
"Kiwi, fresh",48.0,205.0,86.8,1.0,10.3,7.5,0.2,0.0,0.0,0.0,0.0,0.7,8.4,9.1
"Köfte, meatloaf, beef",252.0,1053.0,52.0,26.0,8.0,0.0,13.0,0.0,0.0,0.0,0.0,0.0,5.0,5.3
"Köfte, meatloaf, sheep",208.0,872.0,60.9,22.0,4.0,0.0,11.5,4.9,3.7,0.5,80.0,0.6,4.4,5.2
"Kohlrabi, raw",29.0,122.0,90.5,2.0,4.0,0.0,0.0,0.0,0.0,0.0,0.0,2.5,5.4,7.5
"Krupuk, Indonesian snack, prawn based",502.0,2098.0,4.5,4.0,65.0,0.0,25.0,8.0,11.0,7.0,100.0,0.5,6.8,5.0
Kumkwat,71.0,301.0,80.5,1.0,16.0,15.8,0.0,0.0,0.0,0.0,0.0,1.5,4.7,6.1
"Lamb, leg, sirloin, raw",173.0,726.0,69.0,19.2,0.0,0.0,10.8,4.4,4.2,0.0,78.0,0.0,6.1,6.3
"Lamb, rib",243.0,1015.0,61.1,19.2,0.0,0.0,18.7,8.5,6.7,0.0,79.0,0.0,5.5,5.7
"Lamb, saddle of",253.0,1057.0,60.2,18.6,0.0,0.0,20.2,9.7,6.8,0.8,94.0,0.0,,
"Lamb, shoulder, domestic",206.0,865.0,62.1,25.0,0.0,0.0,11.9,5.4,4.3,0.0,75.0,0.0,5.4,5.8
"Lamb, trimmed retail cuts, fat",281.0,1174.0,59.0,15.0,0.0,0.0,25.0,12.0,9.5,3.5,80.0,0.0,6.0,6.0
"Lamb, trimmed retail cuts, lean",190.0,797.0,66.2,20.8,0.0,0.0,12.0,5.9,4.7,0.6,79.0,0.0,6.6,6.9
"Lambs lettuce, green",20.0,85.0,94.0,2.0,3.0,0.0,0.0,0.0,0.0,0.0,0.0,0.0,7.7,8.5
"Lapwing beans, dried",265.0,1107.0,0.0,20.0,43.0,0.0,1.5,0.0,0.0,0.0,0.0,0.0,4.7,6.2
"Lard, pork",882.0,3687.0,0.2,0.0,0.0,0.0,99.8,48.0,41.0,9.0,60.0,0.0,2.8,3.0
"Lasagne, ready-to-eat",146.0,614.0,70.2,6.8,13.6,5.0,6.9,3.2,3.1,0.5,13.5,1.5,6.4,5.1
"Leek, cooked",27.0,117.0,90.3,1.5,3.8,0.2,0.0,0.0,0.0,0.0,0.0,3.4,6.3,7.6
"Leek, raw",30.0,129.0,90.4,1.8,4.0,3.0,0.3,0.0,0.0,0.0,0.0,2.5,,
"Lemon juice, fresh",32.0,136.0,91.0,0.0,8.0,2.5,0.0,0.0,0.0,0.0,0.0,0.0,6.7,7.6
"Lemon, pealed, fresh",36.0,151.0,89.4,0.5,6.5,3.0,0.4,0.0,0.0,0.0,0.0,2.2,6.1,7.7
"Lentils, seeds, cooked, boiled",117.0,490.0,68.3,10.0,15.0,0.0,0.7,0.1,0.1,0.4,0.0,5.0,4.3,6.4
"Lentils, seeds, raw",309.0,1291.0,16.2,21.0,44.5,1.2,1.5,0.3,0.1,0.8,0.0,15.8,,
"Lettuce, green leaf, raw",11.0,47.0,94.2,1.3,1.0,1.0,0.2,0.0,0.0,0.0,0.0,1.3,8.3,8.5
"Lettuce, iceberg",11.0,48.0,95.7,1.2,0.9,0.0,0.1,0.0,0.0,0.0,0.0,1.1,7.8,8.4
"Lima beans, cooked, boiled",137.0,574.0,61.8,8.2,21.0,,0.5,,,,0.0,7.5,5.0,6.3
"Lima beans, raw",351.0,1467.0,12.3,21.5,63.5,,0.7,,,,,,,
"Limes, fresh",32.0,135.0,93.0,0.5,2.0,1.9,2.5,,,,0.0,,6.0,8.1
"Ling, fish, raw",75.0,313.0,80.0,18.4,0.0,0.0,0.2,0.1,0.0,0.1,70.0,0.0,4.7,5.5
Linseed,486.0,2031.0,0.0,20.0,13.5,0.0,32.5,3.5,6.0,22.0,0.0,33.0,,
Linseed oil,882.0,3687.0,0.2,0.0,0.0,0.0,99.8,12.5,17.5,68.5,0.0,0.0,5.3,6.9
"Liquor, 15 - 25 % v/v, mixed varieties",246.0,1446.0,52.0,0.0,30.0,29.0,0.0,0.0,0.0,0.0,0.0,0.0,6.0,3.9
"Liquor, 15 % v/v, mixed varieties",205.0,858.0,58.0,0.0,30.0,29.0,0.0,0.0,0.0,0.0,0.0,0.0,5.1,3.9
"Liquor, 25 % v/v, mixed varieties",355.0,1483.0,45.0,0.0,30.0,29.0,0.0,0.0,0.0,0.0,0.0,0.0,4.8,3.2
"Liquor, Jägermeister, 34 % v/v",299.0,1249.0,50.0,0.0,15.0,15.0,0.0,0.0,0.0,0.0,0.0,0.0,4.7,3.8
"Liver pate, pork, canned",314.0,1312.0,54.8,14.2,1.7,1.0,28.3,8.5,15.1,3.3,250.0,0.0,,
"Liver sausage, Hausmacher",267.0,1116.0,57.6,15.4,5.2,1.1,20.8,6.3,11.7,2.5,175.0,0.0,5.2,4.2
"Liver sausage, pork, cooked",322.0,1345.0,54.4,13.3,1.7,1.0,29.6,11.2,14.8,1.0,175.0,0.0,5.7,5.2
"Liver, beef, raw",123.0,519.0,72.7,20.7,2.0,0.0,3.6,1.4,0.6,1.3,270.0,0.0,5.0,5.5
"Liver, haddock, canned, ",397.0,1659.0,50.5,6.5,0.0,0.0,42.0,8.0,18.0,15.0,320.0,0.0,4.1,5.7
"Liver, haddock, raw",79.0,334.0,79.7,19.0,0.0,0.0,0.3,0.0,0.1,0.1,55.0,0.0,,
"Liver, lamb, raw",131.0,550.0,71.2,21.0,2.9,0.0,3.9,1.5,0.7,1.0,270.0,0.0,3.7,4.2
"Liver, pork, raw",132.0,555.0,70.9,22.2,2.0,2.0,3.9,1.2,0.6,1.7,280.0,0.0,3.9,4.3
"Liver, veal, raw",109.0,457.0,76.0,17.7,2.0,0.0,3.3,1.2,0.9,0.7,270.0,0.0,4.1,4.6
Liverwurst spread,306.0,1279.0,56.8,12.2,1.6,0.5,28.4,9.2,15.8,1.5,175.0,0.0,6.5,4.7
"Liverwurst, pork, cooked",306.0,1279.0,53.2,18.8,1.8,0.0,25.2,9.6,12.6,3.0,175.0,0.0,6.3,4.5
"Lobster, mixed species, cooked",82.0,345.0,0.0,16.0,0.0,0.0,2.0,0.4,0.5,0.8,160.0,0.0,5.8,7.5
"Luncheon meat, pork, canned",334.0,1396.0,52.0,13.0,4.0,0.0,30.0,12.2,16.2,4.3,40.0,0.0,4.8,4.2
"Luncheon meat, pork, sliced",308.0,1287.0,56.0,12.1,2.9,0.1,28.0,9.9,12.5,2.3,60.0,0.0,6.0,5.1
"Lychee, fresh",81.0,342.0,78.6,0.9,18.0,16.8,0.3,0.0,0.0,0.0,0.0,1.2,6.8,8.0
"Macadamia nuts, raw",733.0,3064.0,2.5,9.0,6.5,,74.5,14.5,57.5,2.0,0.0,6.5,6.2,6.2
"Mackerel, Atlantic, cooked",244.0,1019.0,58.3,24.0,0.0,0.0,16.7,5.0,7.2,3.2,85.0,0.0,7.3,8.2
"Mackerel, Atlantic, raw",344.0,1438.0,50.3,18.0,0.0,0.0,30.7,7.3,14.6,6.6,76.0,0.0,,
"Madeira, 18 - 20 % v/v",156.0,656.0,71.0,0.0,10.0,10.0,0.0,0.0,0.0,0.0,0.0,0.0,5.2,4.2
"Madeira, 20 % v/v",165.0,692.0,72.0,0.0,10.0,10.0,0.0,0.0,0.0,0.0,0.0,0.0,5.3,4.2
Mango juice,41.0,173.0,88.9,0.1,9.5,9.3,0.2,0.0,0.0,0.0,0.0,0.3,6.8,7.4
"Mangos, fresh",61.0,259.0,83.3,1.1,12.8,12.2,0.3,0.0,0.0,0.1,0.0,1.5,7.4,8.6
Maple syrup,365.0,1526.0,9.0,0.0,90.0,89.0,0.0,0.0,0.0,0.0,0.0,0.0,5.3,6.1
"Margarine, liquid, 80 % fat",725.0,3031.0,16.8,0.0,0.2,0.2,82.0,9.8,32.0,36.0,4.2,0.0,6.8,6.3
"Margarine, regular, 80% fat",711.0,2972.0,18.0,0.0,1.0,0.0,80.0,33.0,25.0,17.0,3.0,0.0,5.1,4.7
"Margarine-like spread, 25 % fat",255.0,1065.0,65.5,2.5,6.0,0.0,25.0,5.9,11.7,5.6,0.0,0.0,6.6,6.6
"Margarine-like spread, 40 % fat",361.0,1509.0,57.0,1.5,0.5,0.0,40.0,12.0,12.8,14.0,4.5,0.0,6.3,6.3
"Marjoram, dried",331.0,1383.0,16.3,12.5,45.0,0.0,7.2,1.0,3.0,3.0,0.0,18.0,5.2,6.3
"Marmalade, orange",292.0,1220.0,27.2,0.8,70.0,,0.5,,,,0.0,0.5,,
Marshmellows,332.0,1394.0,17.0,2.0,80.0,80.0,0.0,0.0,0.0,0.0,0.0,0.0,,
Marzipan,456.0,1906.0,15.0,8.0,50.0,50.0,25.0,2.0,6.0,1.8,0.0,0.0,5.9,2.9
"Mayonnaise, classic",741.0,3097.0,12.8,1.7,2.5,2.5,82.0,12.0,17.5,50.0,75.0,0.0,6.1,3.5
"Mayonnaise, light, 35 % oil",370.0,1547.0,50.0,1.0,12.0,1.2,36.0,4.5,0.0,0.0,25.0,0.0,5.7,4.0
"Mayonnaisse, extra light, 25 % oil",282.0,1178.0,60.0,1.0,12.0,1.2,26.0,3.5,0.0,0.0,20.0,0.0,5.7,4.8
"Meat substitute, breaded, mixed varieties",212.0,890.0,58.0,12.8,12.6,2.5,11.5,1.6,2.6,6.5,0.0,4.1,4.5,5.9
"Meat substitute, milkproteïne based",134.0,565.0,69.5,15.5,5.0,1.8,5.0,1.3,0.9,2.8,0.0,4.0,4.5,6.1
"Meat substitute, raw, mixed varieties",169.0,710.0,63.8,18.4,6.1,0.8,7.2,1.4,1.7,2.7,0.0,3.5,5.0,6.3
"Meat, sheep, raw",217.0,908.0,64.0,17.5,0.0,0.0,16.5,9.0,9.0,0.0,80.0,0.0,4.4,5.4
"Meatballs, ready-to-eat",372.0,1555.0,42.5,15.0,11.5,0.0,30.0,10.0,14.0,6.0,80.0,0.0,5.5,4.7
"Meatballs, small, cooked",195.0,818.0,61.5,17.0,5.0,0.5,12.0,5.0,4.5,2.1,50.0,3.5,5.5,5.0
"Melons, cantaloupe, fresh",47.0,197.0,84.3,0.9,7.0,6.5,0.3,0.0,0.0,0.0,0.0,6.5,7.5,7.2
"Milk beverage, reduced fat, mixed varieties",50.0,211.0,88.9,3.1,5.0,5.0,2.0,1.2,0.5,0.1,,0.0,,
"Milk, dried, nonfat",349.0,1459.0,4.0,35.0,50.0,50.0,1.0,0.6,0.3,0.0,20.0,0.0,,
"Milk, dried, whole",503.0,2103.0,8.5,27.0,35.0,35.0,28.5,16.3,7.6,0.9,80.0,0.0,,
"Milk, goat",64.0,269.0,88.0,3.8,4.5,4.5,3.8,2.5,1.0,0.2,11.0,0.0,4.4,6.7
"Milk, human, mature, fluid",69.0,289.0,85.7,1.3,7.0,0.2,4.0,2.0,2.0,0.0,25.0,0.0,,
"Milk, nonfat",37.0,156.0,89.9,3.9,5.1,5.1,0.1,0.1,0.0,0.0,2.0,0.0,6.0,7.1
"Milk, reduced fat",46.0,194.0,89.3,3.4,4.8,4.8,1.5,0.9,0.3,0.0,5.0,0.0,7.3,7.5
"Milk, reduced fat, calcium enriched",74.0,196.0,90.0,3.3,4.9,4.9,1.6,1.0,0.5,0.1,5.0,0.0,6.4,7.2
"Milk, reindeer, raw",233.0,978.0,64.5,10.8,4.1,,19.6,,,,,0.0,,
"Milk, whole, 3,40% milkfat",62.0,261.0,87.6,3.7,4.3,4.3,3.4,2.1,0.9,0.1,9.5,0.0,5.9,5.9
"Milkshakes, mixed varieties",128.0,539.0,72.9,3.2,16.8,16.5,5.2,3.3,1.2,0.3,5.0,0.9,,
"Millet, cooked",102.0,428.0,74.7,3.5,18.6,0.0,1.2,0.3,0.3,0.5,0.0,1.0,4.4,6.0
"Millet, raw",327.0,1366.0,21.3,10.6,60.0,0.0,3.9,0.0,1.0,2.0,0.0,3.2,,
"Minced ground meat, beef",209.0,878.0,64.5,19.1,0.8,0.0,14.6,7.4,6.5,0.5,67.8,0.0,7.4,6.5
"Minced ground meat, beef and pork",252.0,1053.0,60.9,17.5,0.0,0.0,20.6,8.2,10.5,1.0,62.9,0.0,5.9,5.0
"Minced ground meat, lamb",192.0,805.0,66.8,19.3,0.0,0.0,12.9,5.8,4.6,0.5,77.0,0.0,5.4,6.0
"Minced ground meat, pork",208.0,872.0,65.2,18.8,2.0,2.0,14.0,5.5,7.3,1.0,63.8,0.0,5.4,4.6
"Minced ground meat, veal",148.0,620.0,72.0,19.0,0.0,0.0,8.0,4.3,2.6,1.1,70.0,0.0,5.9,5.7
"Minced meat, tartar, beef",127.0,533.0,72.8,21.8,0.0,0.0,4.4,1.9,1.8,0.0,50.0,0.0,7.3,6.9
"Minced soyburger, vegetarian",233.0,977.0,50.6,28.0,10.2,1.2,8.5,0.9,2.5,5.1,,1.7,4.5,6.3
"Mini pizza, mixed varieties",232.0,975.0,52.0,11.5,24.5,4.8,9.5,4.0,2.0,2.5,20.0,1.5,5.6,3.9
Miso,139.0,586.0,66.9,13.0,6.5,6.2,5.3,1.2,1.1,2.6,0.0,7.3,4.2,5.7
"Moessaka, Greek dish",208.0,871.0,63.0,6.5,10.0,2.2,15.0,5.0,6.0,3.5,20.0,4.5,5.1,4.8
"Monkfish, raw",74.0,311.0,81.5,15.0,0.0,0.0,1.5,,,,25.0,0.0,6.6,7.2
"Mortadella, beef, pork",304.0,1270.0,53.8,16.5,3.4,0.2,25.3,9.8,9.3,3.3,55.0,0.0,,
"Muesli, candybar",499.0,2086.0,0.4,7.5,57.8,35.3,24.7,10.6,9.8,2.2,7.0,8.6,6.8,6.2
"Muesli, crispy, sweetened, mixed varieties",478.0,1998.0,4.6,7.4,60.0,23.6,22.2,,,,0.0,4.8,,
"Muesli, dried fruit and nuts, mixed varieties",379.0,1584.0,8.0,10.0,66.5,14.5,6.0,1.9,2.0,1.5,0.0,8.5,,
"Muffins, English, plain",327.0,1366.0,31.4,8.0,48.0,,11.3,1.0,,,,0.3,5.0,3.8
"Muscatel, 15 % v/v",139.0,581.0,75.0,0.0,12.0,12.0,0.0,0.0,0.0,0.0,0.0,0.0,4.9,4.6
"Mushrooms, canned, glas",31.0,132.0,89.7,2.3,2.5,2.2,0.5,0.1,0.0,0.0,0.0,4.0,5.4,5.5
"Mushrooms, oyster, raw",22.0,96.0,90.5,1.5,1.0,0.5,0.2,,0.0,,0.0,5.8,6.3,7.1
"Mushrooms, shiitake, dried",192.0,805.0,12.1,16.5,23.5,0.0,3.4,,,,0.0,43.5,,
"Mushrooms, stir-fried",61.0,256.0,86.4,3.5,0.9,0.6,4.0,1.5,0.0,0.0,8.0,4.2,7.5,7.0
"Mushrooms, white, raw",16.0,71.0,93.5,2.7,0.3,0.2,0.0,0.0,0.0,0.0,0.0,2.5,7.4,7.6
"Mussels, blue, fried ",323.0,1350.0,44.0,32.0,2.0,0.0,21.0,2.9,8.3,8.0,70.0,0.0,6.5,7.0
"Mussels, blue, raw",74.0,311.0,84.2,9.8,2.0,0.0,3.0,1.0,0.9,0.7,90.0,0.0,6.0,6.7
"Mussels, canned, sour ",111.0,466.0,73.9,23.1,0.0,0.0,2.0,0.6,0.5,0.6,76.0,0.0,4.3,5.6
"Mustard spinach, raw  ",31.0,132.0,90.6,2.0,5.3,0.0,0.0,0.0,0.0,0.0,0.0,1.1,4.0,5.9
"Mustard, prepared, yellow",85.0,358.0,82.6,5.0,7.4,0.0,4.0,1.0,2.0,2.0,0.0,0.0,6.7,5.7
"Nectarines, fresh",36.0,154.0,89.2,1.0,7.5,7.0,0.0,0.0,0.0,0.0,0.0,1.3,7.8,8.6
"Noodles, Japanese, soba",368.0,1538.0,9.5,14.5,74.0,,1.0,,,,0.0,0.0,5.9,6.2
"Noodles, rice, raw",361.0,1509.0,9.9,5.0,82.0,,0.6,0.1,0.2,0.1,0.0,1.5,6.0,6.2
"Norway lobster, Langoestine",85.0,355.0,78.4,17.2,1.3,0.0,1.1,,,,,0.0,4.9,5.8
"Nougats, soft",395.0,1651.0,12.0,1.0,76.5,74.6,9.0,1.1,4.3,2.7,0.0,0.5,6.6,4.0
"Nutmeg, ground",545.0,2278.0,7.0,5.5,44.0,0.0,38.0,30.4,3.0,1.0,0.0,4.5,6.8,6.5
"Oat bran, raw",381.0,1593.0,9.8,13.5,62.0,1.0,7.0,,,,0.0,6.7,,
Oat flour,390.0,1630.0,7.4,14.9,62.0,4.5,7.2,1.0,3.0,3.0,0.0,7.5,,
Oat malt,380.0,1588.0,9.4,13.1,62.0,4.5,7.0,1.0,3.0,3.0,0.0,7.5,,
"Oat malt, porridge",76.0,322.0,82.4,3.5,9.5,5.4,2.5,1.4,0.7,0.2,0.0,1.1,,
"Oat, cookie",353.0,1476.0,22.4,8.3,55.0,19.5,10.2,1.8,3.7,3.8,40.0,3.1,6.0,5.3
"Oats, raw",374.0,1563.0,12.2,12.6,61.5,1.2,7.1,,,,0.0,5.6,4.8,6.9
"Oil, light, reduced fat",883.0,3691.0,0.0,0.0,0.0,0.0,100.0,12.0,21.0,66.0,,0.0,6.3,7.4
"Oil, vegetable, for deep frying",884.0,3695.0,0.0,0.0,0.0,0.0,100.0,14.0,29.9,56.2,0.0,0.0,6.2,5.5
"Okra, Chinese, raw",45.0,192.0,86.2,2.2,7.2,0.0,0.2,0.1,0.0,0.1,0.0,3.2,4.3,6.3
"Okra, cooked",34.0,144.0,90.3,1.5,6.2,1.5,0.2,0.0,0.0,0.0,0.0,0.8,5.0,5.6
"Okra, raw",42.0,180.0,83.8,2.2,8.0,2.5,0.2,0.0,0.0,0.0,0.0,4.8,,
Olive oil,883.0,3691.0,0.0,0.0,0.2,0.0,99.8,14.5,75.5,9.5,0.0,0.0,8.1,8.3
"Olives, ripe, canned",136.0,571.0,79.4,1.4,0.2,0.0,13.8,2.5,7.8,0.8,0.0,4.2,6.3,7.2
"Onions, deep fried",628.0,2625.0,0.0,6.0,44.5,44.5,46.5,7.0,0.5,27.6,0.0,6.5,7.2,6.6
"Onions, dried",274.0,1145.0,21.0,10.5,44.5,44.5,1.0,1.0,,,0.0,22.0,6.1,5.9
"Onions, raw",36.0,151.0,89.0,1.2,6.1,6.1,0.2,0.1,0.0,0.1,0.0,2.5,6.8,7.2
"Onions, stir fried",57.0,239.0,88.5,1.0,5.0,4.5,3.5,1.5,0.9,0.8,6.0,1.0,7.4,6.8
"Onions, young  white, canned, sweet/sauer",37.0,156.0,89.0,0.0,8.5,7.0,0.0,0.0,0.0,0.0,0.0,1.5,6.5,6.3
Orange juice,45.0,189.0,88.1,0.7,10.0,9.0,0.2,0.0,0.0,0.0,0.0,0.0,8.4,8.4
"Oranges, fresh",44.0,186.0,85.2,1.0,9.5,8.3,0.2,0.0,0.0,0.0,0.0,2.1,8.5,9.2
"Oregano, dried",371.0,1551.0,11.2,11.4,50.0,0.0,10.4,2.0,0.7,3.4,0.0,16.0,7.1,7.1
"Ostrich, tenderloin, raw",104.0,438.0,75.0,21.5,1.0,0.5,1.5,0.5,0.5,0.4,65.0,0.0,5.8,6.5
Oxtail,183.0,767.0,66.4,20.1,0.0,0.0,11.5,,,,50.0,0.0,5.8,5.9
"Oyster, Pacific, raw",70.0,294.0,83.8,10.0,3.4,0.0,1.8,1.0,0.7,0.1,80.0,0.0,4.8,7.1
Palm oil,874.0,3653.0,0.0,0.0,0.0,0.0,98.9,48.5,38.5,11.0,0.0,0.0,5.5,6.3
Pancakes Puffs,294.0,1228.0,43.8,7.0,33.2,6.2,14.9,6.1,3.3,4.2,40.0,0.1,6.7,5.0
"Papayas, fresh",45.0,191.0,87.2,0.6,9.9,7.5,0.1,0.0,0.0,0.0,0.0,1.2,6.3,7.2
Paprika,353.0,1479.0,16.3,15.0,35.0,0.0,12.7,2.5,8.0,1.0,0.0,20.0,7.2,6.7
"Parsley, dried",315.0,1316.0,20.5,22.0,42.0,0.0,4.0,0.0,1.5,1.5,0.0,10.5,7.4,7.6
"Parsley, raw",34.0,143.0,88.4,4.4,1.5,0.0,0.2,0.0,0.0,0.0,0.0,4.5,7.9,8.2
"Parsnips, raw",89.0,373.0,75.0,1.5,17.0,,0.5,,,,0.0,5.0,5.7,6.9
"Partidge, game meat, raw",210.0,881.0,56.0,35.0,0.5,0.5,7.5,2.0,3.4,1.8,110.0,0.0,5.1,6.5
"Passion fruit juice, purple",47.0,200.0,87.5,0.8,10.0,10.0,0.4,,,,0.0,0.3,6.5,7.2
"Passion fruit, purple, fresh",120.0,504.0,66.2,2.3,22.3,12.0,0.7,0.0,0.0,0.0,0.0,7.5,7.1,8.3
"Pasta, Macaroni, raw",359.0,1501.0,12.1,13.5,67.0,3.7,3.0,0.3,0.3,0.8,0.0,3.4,,
"Pasta, Macaroni, whole wheat, raw",336.0,1404.0,12.8,11.0,62.0,2.0,2.2,0.4,0.3,1.0,0.0,11.0,,
"Pasta, plain, cooked",99.0,417.0,75.2,4.5,17.5,1.5,1.0,0.2,0.2,0.4,0.0,0.8,5.8,5.3
"Pasta, plain, mixed varieties, raw",359.0,1501.0,12.1,13.5,67.0,3.7,3.0,0.7,0.3,1.0,0.0,3.4,,
"Pasta, whole wheat, mixed varieties, raw",352.0,1471.0,10.0,12.0,65.0,2.5,2.5,0.0,0.0,2.0,0.0,9.5,,
Paté,374.0,1568.0,48.5,11.0,4.0,0.5,35.5,10.6,14.5,4.5,150.0,0.0,5.5,4.3
"Peaches, fresh",39.0,162.0,87.5,0.8,8.7,8.2,0.1,0.0,0.0,0.0,0.0,0.0,8.0,8.3
"Peanut butter, smooth, mixed varieties",625.0,2613.0,3.0,26.0,12.0,6.0,52.0,9.2,23.0,17.5,0.0,6.0,6.9,6.2
"Peanuts, raw, salted",625.0,2613.0,3.5,25.5,10.0,3.0,53.0,9.0,26.8,17.0,0.0,7.0,6.7,4.2
"Peanuts, raw, unsalted",623.0,2604.0,2.8,26.0,11.2,3.1,52.0,8.5,26.1,17.0,0.0,7.0,6.1,5.2
"Pears, canned, heavy syrup",76.0,322.0,79.1,0.3,17.5,17.0,0.1,0.0,0.0,0.0,0.0,2.0,5.7,5.0
"Pears, fresh",54.0,229.0,84.4,0.5,11.0,10.5,0.3,0.0,0.0,0.0,0.0,2.8,8.4,8.7
"Peas, canned",88.0,372.0,75.5,6.5,10.8,1.5,1.0,0.5,0.0,0.0,0.0,5.2,6.0,6.5
"Peas, cooked",86.0,363.0,75.0,5.0,14.0,1.0,0.0,0.0,0.0,0.0,0.0,5.0,7.1,8.1
"Peas, green, cooked",106.0,445.0,71.1,6.6,16.5,0.0,0.5,0.0,0.0,0.0,0.0,4.3,6.6,7.4
"Peas, green, dried, split",326.0,1362.0,9.9,22.5,45.0,4.5,1.6,0.0,0.0,1.2,0.0,20.0,,
"Peas, raw",64.0,269.0,80.4,4.5,8.9,1.8,0.0,0.0,0.0,0.0,0.0,5.2,,
Pecan nuts,717.0,2997.0,4.5,8.5,9.5,0.0,72.0,9.5,42.5,18.5,0.0,4.5,6.2,6.2
"Pepper, black, white",309.0,1291.0,15.6,11.3,50.0,0.0,2.6,1.0,0.4,1.0,0.0,19.5,7.1,6.1
"Peppermint, candy",402.0,1680.0,1.0,0.0,99.0,99.0,0.0,0.0,0.0,0.0,0.0,0.0,6.6,5.4
Pepperoni,448.0,1876.0,35.7,20.0,3.3,0.1,40.0,15.0,,3.3,,0.0,,
"Pepperoni, savaloy",382.0,1597.0,45.5,18.3,0.5,0.0,34.7,13.8,15.2,2.9,32.0,0.0,5.6,5.7
"Perch, raw",82.0,344.0,79.7,18.5,0.0,0.0,0.8,0.1,0.2,0.4,72.0,0.0,5.5,7.6
"Perch, river, mixed species, raw",81.0,338.0,80.0,18.4,0.0,0.0,0.8,0.0,0.0,0.8,72.0,0.0,6.3,6.8
"Pheasant, raw, meat and skin",229.0,962.0,56.5,30.5,0.0,0.0,12.0,4.5,4.5,1.5,85.0,0.0,5.2,6.5
Phyllo dough,299.0,1249.0,32.0,7.5,53.0,,6.0,,,,,0.0,5.6,5.2
"Piccalilli, pickles veggies and spices",42.0,180.0,88.5,1.0,6.5,3.5,1.0,0.0,0.0,1.0,0.0,2.0,5.7,5.2
"Pickles, Gherkin, sweet, sour",14.0,62.0,94.7,1.1,2.0,2.0,0.0,0.0,0.0,0.0,0.0,1.2,7.6,7.0
"Pie, fruit, mixed varieties",270.0,1128.0,41.1,3.5,43.0,24.2,8.7,4.0,3.2,0.5,32.0,2.7,6.7,4.2
"Pie, rice, commercially prepared",250.0,1045.0,47.7,6.0,34.4,16.6,9.5,4.5,2.6,0.7,48.0,1.4,5.3,4.3
"Pie/cake, mixed varieties",384.0,1605.0,30.1,4.0,41.0,20.0,22.5,11.5,8.2,1.4,90.0,1.4,7.0,3.4
"Pine nuts, raw",635.0,2654.0,2.4,27.0,13.5,0.1,52.5,7.5,19.2,21.7,0.0,3.6,7.0,7.0
Pineapple juice,50.0,211.0,86.4,0.8,11.5,11.5,0.0,0.0,0.0,0.0,0.0,0.3,7.2,7.2
"Pineapple, fresh",61.0,256.0,83.4,0.5,13.5,12.4,0.2,0.0,0.0,0.0,0.0,1.4,8.4,8.8
"Pistachios, roasted, salted",606.0,2533.0,11.6,17.5,8.4,5.5,55.5,7.5,27.5,18.0,0.0,6.0,7.6,7.0
"Pistachios, unsalted",649.0,2713.0,0.0,19.5,24.0,16.8,51.5,5.5,27.4,15.8,0.0,9.4,7.0,6.4
"Pizza, mixed varieties, ready-to-eat",203.0,852.0,56.1,9.0,25.7,4.0,6.8,3.0,3.0,0.6,20.0,1.4,6.3,4.3
"Pizza, vegetarian, mixed variet",171.0,719.0,59.5,7.5,26.0,4.0,3.5,1.2,1.0,0.9,0.0,2.5,5.0,5.6
"Plaice, flatfish, cooked",179.0,752.0,66.5,21.0,1.5,0.0,10.0,3.0,3.0,3.5,85.0,0.0,7.2,6.9
"Plaice, flatfish, raw",94.0,393.0,73.0,19.0,0.0,0.0,2.0,1.0,1.0,0.0,70.0,0.0,,
"PlantaIns, fresh",137.0,575.0,64.4,1.0,31.5,24.0,0.2,0.0,0.0,0.0,0.0,1.9,6.1,6.6
Plum juice,58.0,245.0,84.5,0.6,13.5,13.5,0.1,0.0,0.0,0.0,0.0,0.3,5.7,7.1
"Plums, dried, uncooked",221.0,927.0,36.0,2.0,45.0,45.0,0.0,0.0,0.0,0.0,0.0,16.0,5.8,7.3
"Plums, fresh",60.0,255.0,83.6,0.8,12.0,11.5,0.6,,,,,2.0,6.4,7.7
"Plums, mixed varieties, fresh",56.0,235.0,84.5,0.6,12.0,7.6,0.2,0.0,0.0,0.0,0.0,1.7,7.5,8.6
"Pollock, Atlantic, frozen",76.0,320.0,80.6,18.0,0.0,0.0,0.4,0.1,0.1,0.1,70.0,0.0,6.3,7.7
"Pollock, Atlantic, raw",80.0,333.0,80.0,17.2,0.0,0.0,1.2,0.2,0.3,0.4,67.0,0.0,,
"Pomegranate juice, bottled",45.0,189.0,87.7,0.2,10.5,10.5,0.1,0.0,0.0,0.0,0.0,0.5,5.4,7.9
"Pomegranate, fresh",85.0,360.0,77.3,1.0,17.5,12.0,0.7,0.2,0.1,0.2,0.0,2.5,6.0,7.7
Popcorn,376.0,1575.0,7.9,12.5,70.0,0.0,3.6,0.5,2.0,1.0,0.0,5.0,5.9,5.1
Poppy seed,503.0,2103.0,12.8,20.0,4.2,,41.5,,20.1,,0.0,20.5,,
"Pork chops, in peanut sauce",215.0,904.0,61.2,13.5,10.5,0.0,13.3,3.5,5.3,4.1,44.0,0.5,6.5,6.1
"Pork sausage, canned, cooked",320.0,1337.0,54.2,13.2,2.5,0.0,29.1,10.2,16.1,2.5,57.6,0.0,5.8,4.3
"Pork, belly, raw",384.0,1605.0,46.4,15.0,0.1,0.1,36.5,,,,,0.0,,
"Pork, cheeks, raw",533.0,2228.0,33.2,10.0,0.1,0.0,55.8,,,,,0.0,,
"Pork, chops, bone-in, raw",196.0,824.0,66.4,19.0,0.1,0.1,13.5,5.6,5.5,2.4,40.0,0.0,,
"Pork, chops, neck, cooked",275.0,1149.0,53.0,27.5,0.0,0.0,18.5,6.7,7.0,2.1,40.0,0.0,5.9,5.9
"Pork, chops, neck, raw",195.0,818.0,66.4,19.4,0.0,0.0,13.2,5.2,5.2,1.6,65.0,0.0,,
"Pork, cured, legham, pan-broil ",129.0,542.0,72.6,18.2,1.7,0.0,5.5,2.1,0.1,2.8,38.0,0.0,7.2,6.1
"Pork, cured, legham, roasted",116.0,488.0,75.1,19.2,0.6,0.0,4.1,1.6,1.8,0.3,38.0,0.0,7.6,7.0
"Pork, kidneys, raw",113.0,474.0,77.2,16.5,0.1,0.1,5.2,1.6,1.3,0.8,400.0,0.0,,
"Pork, liver, cooked",198.0,830.0,59.0,28.5,4.0,0.0,7.5,2.8,2.0,0.6,300.0,0.0,3.8,4.3
"Pork, loin filets",144.0,604.0,70.4,22.7,0.0,0.0,5.9,2.3,1.0,2.1,66.0,0.0,6.0,5.6
"Pork, loin, raw",116.0,488.0,73.1,23.5,0.0,0.0,2.4,0.9,0.9,0.3,55.0,0.0,6.4,6.1
"Pork, ribeye, entrecote",144.0,604.0,70.0,22.7,1.0,0.0,5.9,2.3,3.1,0.4,66.0,0.0,6.2,4.7
"Pork, roast, fricandeau",124.0,522.0,72.4,23.0,0.1,0.0,3.5,1.3,1.3,0.3,50.0,0.0,6.8,7.0
"Pork, shoulder chops",195.0,818.0,66.4,19.4,0.0,0.0,13.2,5.2,6.9,0.0,65.0,0.0,6.0,5.1
"Pork, shoulder, raw",217.0,909.0,63.4,20.4,0.0,0.0,15.2,6.0,5.8,2.1,65.0,0.0,5.0,4.6
"Pork, spareribs, raw",280.0,1170.0,58.1,16.8,0.1,0.1,24.0,8.4,10.3,3.0,40.0,0.0,,
"Pork, tenderloin, raw",119.0,502.0,73.1,22.8,0.0,0.0,3.1,1.2,1.6,0.0,52.0,0.0,7.4,6.8
"Pork, variety meat, raw",111.0,468.0,75.0,21.0,0.0,0.0,3.0,1.1,1.1,0.5,40.0,0.0,5.0,4.2
"Port, 19 % v/v",150.0,627.0,73.0,0.0,13.0,13.0,0.0,0.0,0.0,0.0,0.0,0.0,4.9,3.7
"Potato chips, plain, average",557.0,2328.0,5.0,5.5,43.0,2.6,39.5,18.2,17.5,5.0,0.0,6.0,6.4,3.2
"Potato chips, plain, light ",479.0,2002.0,3.7,6.5,61.0,2.5,22.0,4.0,12.3,4.7,2.0,5.8,6.3,4.7
Potato flour,329.0,1375.0,17.9,0.1,81.0,5.0,0.0,0.0,0.0,0.0,0.0,0.0,,
"Potato, baked",126.0,529.0,73.0,2.0,16.0,1.0,5.5,2.5,0.8,1.6,0.0,2.5,7.9,5.8
"Potato, sticks, mashed, breaded",223.0,936.0,55.8,3.2,27.0,1.0,11.0,3.0,6.5,1.0,1.5,2.0,6.3,5.5
"Potatoes, cooked, no skin",82.0,346.0,77.4,2.0,17.0,0.0,0.1,0.0,0.0,0.0,0.0,2.5,7.6,7.9
"Potatoes, mashed, instant, prepared",99.0,418.0,79.3,3.5,12.0,0.0,4.2,1.7,0.7,1.3,0.8,0.0,6.3,5.5
"Potatoes, raw",85.0,357.0,76.7,2.0,17.6,0.0,0.1,0.0,0.0,0.0,0.0,2.6,,
"Potatoes, sliced, prebaked",141.0,591.0,68.5,2.0,20.5,1.0,5.0,2.4,1.2,0.6,0.6,3.0,7.2,6.4
"Poultry meat, ground, mixed variaties",136.0,568.0,70.0,20.2,0.0,0.0,6.1,1.8,2.7,1.6,100.0,0.0,4.5,5.8
Pretzel,395.0,1654.0,5.7,9.3,80.0,,3.6,,,,,0.4,,
"Puddings, dry mix, chocolate",356.0,1488.0,13.2,3.2,80.0,0.0,2.0,1.2,0.5,0.1,0.0,0.6,4.5,3.8
"Puddings, dry mix, mixed varieties",358.0,1496.0,10.4,0.0,88.0,72.5,0.0,0.0,0.0,0.0,0.0,0.6,4.6,4.0
"Puddings, mixed varieties, home prepared",135.0,569.0,67.7,3.8,21.3,18.9,3.2,2.2,0.5,0.1,4.0,3.0,7.0,6.5
"Puddings, rice, ready-to-eat",81.0,342.0,82.2,3.5,10.0,5.0,3.0,1.5,0.5,0.1,7.0,0.3,5.8,6.5
"Puff pastry, light, frozen",380.0,1588.0,31.8,5.5,37.5,4.2,23.0,10.2,6.9,1.9,0.0,1.2,6.8,4.3
"Pumpkin, cooked",17.0,73.0,94.4,0.6,2.5,2.0,0.3,0.1,0.1,0.0,0.0,1.2,5.4,7.5
"Pumpkin, raw",36.0,153.0,89.7,1.1,7.0,2.4,0.2,0.0,0.0,0.0,0.0,1.0,,7.5
"Pumpkin, seeds",345.0,1442.0,38.6,24.5,7.0,,23.5,4.0,18.0,1.5,0.0,5.4,6.2,7.3
"Purslane, cooked",21.0,88.0,92.5,2.0,2.0,1.8,0.0,0.0,0.0,0.0,0.0,2.5,5.3,7.6
"Purslane, raw",17.0,73.0,93.6,1.2,1.5,1.0,0.2,0.0,0.0,0.0,0.0,2.5,,
"Quail, meat and skin, raw",190.0,796.0,65.9,19.5,0.1,0.0,12.5,,,,75.0,0.0,4.8,5.4
"Quark, cottage cheese, half and half",100.0,421.0,79.5,12.0,3.0,3.0,4.5,2.6,1.2,0.1,15.0,0.0,7.2,7.2
"Quark, cottage cheese, non-fat",71.0,299.0,82.0,13.0,3.5,3.5,0.5,0.3,0.2,0.0,0.0,0.0,7.4,8.0
"Quiche, vegetable type",321.0,1341.0,,,,,26.0,,,,110.0,,6.6,6.2
"Quinces, fresh",69.0,291.0,80.9,0.5,15.5,,0.1,0.0,0.0,0.0,0.0,2.0,5.3,6.4
"Quinoa, uncooked",392.0,1639.0,8.5,16.2,63.9,1.5,6.9,1.2,1.5,3.4,0.0,3.5,5.1,5.8
"Quorn, meat substitute",141.0,594.0,64.2,14.0,12.7,1.8,2.6,0.6,0.7,1.2,0.0,5.5,5.1,6.2
"Rabbit, game meat, domesticated",173.0,727.0,68.0,21.0,0.0,0.0,10.0,3.2,2.0,1.9,80.0,0.0,4.9,5.9
"Rabbit, game meat, wild, raw",133.0,559.0,72.0,22.0,0.0,0.0,5.0,2.0,2.0,1.0,65.0,0.0,5.7,6.5
"Radishes, black, fresh",32.0,136.0,90.6,2.0,5.0,1.5,0.2,0.0,0.0,0.0,0.0,1.2,4.8,5.8
"Radishes, fresh",18.0,76.0,94.1,1.0,2.5,2.0,0.2,0.0,0.0,0.0,0.0,1.2,7.1,8.7
"Raisins, mixed varieties",329.0,1375.0,13.0,2.0,75.0,75.0,0.0,0.0,0.0,0.0,0.0,9.0,6.9,7.2
"Raisins, seedles",291.0,1216.0,24.5,2.5,66.5,64.0,0.1,0.0,0.0,0.0,0.0,5.4,6.7,7.6
Rapeseed oil,875.0,3658.0,1.0,0.0,0.0,0.0,99.0,11.5,60.0,27.5,1.8,0.0,5.3,6.9
"Raspberries, fresh",68.0,286.0,76.0,1.2,14.3,14.1,0.5,0.1,0.1,0.3,0.0,7.0,7.3,8.5
"Ratatouille, cooked",51.0,215.0,88.2,1.4,4.9,4.8,2.5,0.3,1.8,0.4,0.0,2.0,5.1,5.6
"Ravioli, cooked",101.0,427.0,77.9,4.0,13.5,,3.5,1.4,1.6,0.4,20.0,0.1,4.8,4.7
"Ray fish, raw",85.0,355.0,79.0,20.7,0.0,0.0,0.2,0.0,0.0,0.0,60.0,0.0,5.4,6.8
"Real chervil, dried",305.0,1274.0,22.0,23.5,39.0,0.0,3.5,0.0,1.7,1.7,0.0,11.0,6.2,6.5
"Real chervil, fresh",75.0,316.0,81.1,4.0,12.0,0.0,1.0,0.0,0.0,1.0,0.0,0.9,6.5,6.9
"Red berries, fresh",51.0,213.0,82.9,1.1,7.9,6.0,0.1,0.0,0.0,0.0,0.0,7.9,6.8,6.1
Red berry juice,38.0,160.0,88.6,0.0,9.4,9.0,0.0,0.0,0.0,0.0,0.0,0.0,6.5,7.8
"Redfish, raw",105.0,442.0,77.2,18.2,0.0,0.0,3.6,0.7,1.9,0.9,70.0,0.0,6.0,7.2
"Rhubarb, cooked, with sugar",87.0,368.0,76.4,0.5,20.0,16.0,0.1,0.0,0.0,0.0,0.0,2.0,5.7,5.9
"Rhubarb, raw",14.0,62.0,94.4,0.5,2.0,1.7,0.1,0.0,0.0,0.0,0.0,2.0,5.5,5.9
"Rice cake, brown rice, milled corn",350.0,1464.0,79.0,9.9,77.7,,0.0,0.0,0.0,0.0,0.0,3.5,,
"Rice cake, brown rice, multigrain",380.0,1588.0,6.5,10.0,75.0,1.0,3.0,0.5,0.8,1.5,1.0,4.5,6.2,7.3
"Rice cake, brown rice, plain",374.0,1563.0,8.5,8.0,74.5,2.5,3.5,0.5,1.4,1.5,0.0,4.5,6.5,7.5
"Rice flour, white",359.0,1501.0,11.1,7.5,79.5,0.0,0.7,0.1,0.2,0.3,0.0,0.2,5.7,6.8
"Rice, basmati, raw",354.0,1480.0,11.6,7.0,78.5,0.2,0.6,0.1,0.1,0.2,0.0,1.3,6.8,7.8
"Rice, brown, regular, cooked",137.0,575.0,65.3,3.2,26.0,0.0,1.5,0.4,0.4,0.5,0.0,3.0,7.9,8.4
"Rice, brown, regular, raw",361.0,1509.0,10.3,7.5,75.0,2.5,2.2,0.4,0.6,1.0,0.0,4.0,,
"Rice, white, regular, cooked",96.0,403.0,75.3,2.5,20.0,0.0,0.4,0.1,0.1,0.1,0.0,0.8,6.6,6.3
"Rice, white, regular, raw",355.0,1484.0,11.5,7.0,78.5,0.2,0.7,0.2,0.2,0.3,0.0,1.3,,
"Roast beef, lean",168.0,705.0,64.2,28.3,0.8,0.0,5.7,1.4,2.0,0.0,55.0,0.0,7.4,7.0
"Roast, fricandeau, pork, cooked",152.0,637.0,64.9,31.2,0.0,0.0,2.9,1.0,1.1,0.5,40.6,0.0,6.7,6.0
"Roast, fricandeau, pork, fried",128.0,538.0,71.8,21.0,2.4,2.4,3.8,1.8,1.4,0.4,40.0,0.0,6.9,6.5
"Roast, fricandeau, veal",104.0,439.0,74.7,23.0,0.0,0.0,1.3,0.5,0.4,0.1,45.0,0.0,6.4,6.3
"Roe, fish eggs, mixed species, raw",150.0,630.0,67.9,26.0,0.0,0.0,5.1,2.0,2.4,0.3,300.0,0.0,4.6,5.6
"Rose hip, fresh",95.0,395.0,50.5,3.5,19.5,16.0,0.1,,,,0.0,,6.3,7.7
"Rose hip, heavy syrup",223.0,935.0,44.0,0.0,55.0,55.0,0.0,0.0,0.0,0.0,0.0,0.0,6.0,7.1
"Rose hip, jam",256.0,1070.0,35.4,0.1,62.5,62.0,0.0,0.0,0.0,0.0,0.0,1.0,6.6,7.7
"Rosemary, dried",380.0,1588.0,13.5,4.5,45.0,,16.0,,,,0.0,20.0,6.6,6.9
"Rösti, ready-to-eat",134.0,563.0,68.2,2.5,21.5,2.0,3.5,1.0,1.0,1.5,0.0,3.3,6.3,5.3
"Rum, 43 % v/v",229.0,957.0,67.0,0.0,0.0,0.0,0.0,0.0,0.0,0.0,0.0,0.0,4.4,3.1
"Rusk, Dutch",392.0,1639.0,6.9,12.3,70.8,9.1,5.5,2.6,1.7,1.2,32.0,3.5,7.6,7.0
"Rusk, Dutch, whole weat",389.0,1626.0,6.9,16.0,62.0,4.0,6.6,2.3,2.0,1.5,60.0,7.5,7.5,7.8
"Russian salad, diced potatoes, beef",170.0,715.0,68.5,6.0,12.5,2.5,10.5,1.3,3.7,4.5,90.0,1.5,6.0,4.0
"Rutabagas, raw",24.0,102.0,90.3,1.0,5.0,3.2,0.2,0.0,0.0,0.0,0.0,2.5,5.8,7.6
Rye flour,305.0,1274.0,16.8,7.6,56.6,2.8,1.5,0.3,0.2,1.0,0.0,16.5,,
Safflower oil,883.0,3691.0,0.0,0.0,0.0,0.0,100.0,8.9,10.1,72.8,0.0,0.0,5.1,6.1
"Salad dressing, mayonnaise type, light",372.0,1555.0,51.2,0.7,9.6,6.1,37.4,3.6,14.0,19.0,2.0,0.1,,
"Salad dressing, mayonnaise-type, 25 % oil",269.0,1124.0,62.5,1.0,10.0,1.5,25.5,4.0,6.0,15.0,30.0,0.0,5.1,5.0
"Salad dressing, mayonnaise-type, 40 % oil",382.0,1597.0,51.9,1.1,6.0,1.0,40.0,10.5,12.5,15.0,1.0,0.0,5.7,5.2
"Salad dressing, non-fat",49.0,207.0,86.7,0.1,12.0,10.5,0.0,0.0,0.0,0.0,0.0,0.2,,
"Salmon, Atlantic, raw",220.0,924.0,63.1,20.2,0.0,0.0,15.7,3.3,7.8,3.4,45.0,0.0,6.4,7.6
"Salmon, canned",164.0,688.0,67.7,23.5,0.0,0.0,7.8,1.7,3.2,2.2,55.0,0.0,6.8,7.0
"Salmon, mixed varieties, raw",200.0,839.0,65.5,20.0,0.0,0.0,13.5,3.0,5.0,5.0,48.0,0.0,7.4,7.7
"Salmon, smoked",200.0,839.0,62.8,25.0,0.0,0.0,11.2,2.6,5.5,2.1,45.0,0.0,7.5,7.7
"Salsify root, raw",90.0,378.0,73.8,3.3,18.5,18.0,0.2,0.0,0.0,0.0,0.0,3.2,5.4,7.0
"Salt, table",0.0,0.0,0.0,0.0,0.0,0.0,0.0,0.0,0.0,0.0,0.0,0.0,5.5,4.2
"Sambal Ulek, red chillies, mixed varieties",25.0,110.0,93.0,2.0,3.5,3.5,0.5,0.0,0.0,0.4,0.0,0.0,6.4,5.8
"Samphire, fresh, raw",45.0,188.0,87.0,3.1,9.1,0.6,0.7,0.1,0.1,0.2,0.0,0.5,,
"Sardines or pilchards, raw",115.0,485.0,75.4,19.4,0.0,0.0,4.2,0.3,1.3,2.5,90.0,0.0,4.9,6.4
"Sardines, in oil, canned",220.0,922.0,61.9,22.5,0.0,0.0,14.6,3.9,6.5,4.0,70.0,0.0,5.5,6.5
Satay sauce,275.0,1149.0,53.5,8.5,18.0,16.5,19.0,2.5,10.0,6.0,0.0,0.0,6.6,3.8
"Sauce, white, roux",87.0,365.0,83.9,2.5,7.0,2.7,5.5,2.4,1.1,1.7,2.5,0.1,6.8,5.0
"Sauerkraut, canned",12.0,51.0,96.0,2.0,1.0,0.0,0.0,0.0,0.0,0.0,0.0,0.0,7.5,8.2
"Sausage, Frankfurters",305.0,1274.0,57.8,11.5,0.7,0.1,29.0,10.7,12.4,3.4,50.0,0.0,6.5,5.0
"Sausage, pork, pre-cooked",293.0,1224.0,58.5,10.9,2.5,0.0,27.1,9.6,11.0,2.0,150.0,0.0,5.5,3.5
"Sausage, salami, pork",375.0,1568.0,46.5,19.5,0.1,0.0,33.0,13.1,15.8,3.3,32.0,0.0,5.8,4.6
"Sausage, smoked, lean, pork",245.0,1024.0,60.1,15.0,5.0,2.0,18.5,6.3,7.6,2.1,,0.4,6.9,5.0
"Sausage, smoked, pork",322.0,1345.0,54.3,14.3,0.9,0.5,29.5,10.1,14.3,3.5,32.0,0.0,6.7,3.8
"Scallop, mixed species, raw",72.0,304.0,81.2,15.5,2.2,0.0,0.1,0.0,0.0,0.0,30.0,0.0,4.8,6.4
Scampi or Langoustine,86.0,360.0,78.1,17.5,1.3,0.0,1.1,,,,,0.0,6.1,6.8
"Schnitzel, not breaded",120.0,503.0,73.0,22.9,0.0,0.0,3.1,1.2,1.4,0.4,50.0,0.0,6.9,5.9
"Schnitzel, vegetarian, breaded",188.0,787.0,58.0,16.0,8.5,2.8,10.0,1.1,2.9,6.0,0.0,5.0,4.9,5.9
"Sea bass, mixed species, raw",120.0,503.0,72.7,23.5,0.0,0.0,2.8,1.0,1.0,0.5,50.0,0.0,5.8,7.5
"Seaweed, mixed varieties, dried",280.0,1170.0,12.0,11.5,55.0,,1.2,,,,0.0,,4.9,7.0
Seitan,106.0,447.0,71.9,22.1,3.8,0.5,0.2,0.0,0.1,0.1,0.0,1.0,,
"Seitan, cooked",135.0,568.0,64.3,24.0,9.0,6.0,0.2,0.0,0.1,0.1,0.0,1.5,4.4,5.5
Semolina cooked with milk,103.0,434.0,77.0,4.0,15.0,10.5,3.0,1.7,0.7,0.2,7.0,0.0,,
"Semolina, corn flour",343.0,1434.0,12.6,10.3,70.0,3.0,0.8,0.1,0.1,0.4,0.0,5.3,,
Sesame oil,883.0,3691.0,0.0,0.0,0.0,0.0,100.0,16.0,42.0,42.0,0.0,0.0,5.7,6.6
"Sesame paste, tahin",568.0,2374.0,7.0,21.5,6.5,0.0,51.5,7.5,19.5,22.5,0.0,12.5,5.0,5.6
Sesame seeds,581.0,2429.0,11.1,20.9,6.0,0.0,53.5,8.0,21.2,23.8,0.0,7.5,6.8,6.9
"Shallots, raw",32.0,134.0,89.9,1.8,7.3,,0.2,,,,,2.6,6.7,7.5
Shark oil,879.0,3674.0,0.0,0.0,0.0,0.0,99.5,38.2,22.0,28.3,,0.0,,
"Sherry, dry 15 % v/v",90.0,278.0,83.5,0.2,1.4,1.4,0.0,0.0,0.0,0.0,0.0,0.0,4.8,4.2
"Sherry, medium 15 % v/v",110.0,460.0,83.0,0.0,3.0,3.0,0.0,0.0,0.0,0.0,0.0,0.0,5.0,4.6
"Sherry, sweet, 15 % v/v",115.0,483.0,77.5,0.3,7.0,7.0,0.0,0.0,0.0,0.0,0.0,0.0,4.5,4.0
"Shrimp paste, Asian trassi",200.0,839.0,55.5,35.0,3.5,2.0,5.0,1.5,0.9,1.7,210.0,0.0,4.9,5.4
"Shrimp, gray or brown",90.0,380.0,79.0,18.0,0.0,0.0,2.0,0.5,0.4,0.7,240.0,0.0,7.0,7.0
"Shrimp, North Sea, raw",91.0,384.0,78.6,18.5,0.0,0.0,1.9,0.5,0.4,0.7,235.0,0.0,,
"Snail, Vineyard, raw",82.0,343.0,79.0,16.0,2.0,2.0,1.0,0.3,0.3,0.1,,0.0,4.2,5.8
"Snow peas, raw",47.0,197.0,86.3,2.5,7.5,0.0,0.2,0.0,0.0,0.0,0.0,2.5,8.0,8.8
"Sorrel, raw",35.0,147.0,89.7,2.0,6.0,,0.3,0.0,0.0,0.0,0.0,,4.1,6.3
"Souo, cream of mushroom",66.0,278.0,87.7,1.7,4.9,,4.5,1.4,1.0,1.8,5.0,0.2,6.6,6.9
"Soup, brown beans",61.0,258.0,84.2,3.2,6.8,0.8,2.4,1.1,0.9,0.2,16.0,2.4,6.3,6.7
"Soup, chicken, noodle",26.0,112.0,93.1,2.4,2.5,0.5,0.8,0.3,0.3,0.1,10.0,0.2,6.8,7.0
"Soup, cream of onion",39.0,167.0,91.6,1.7,3.6,,2.1,0.9,0.7,0.5,13.0,0.0,6.0,6.2
"Soup, cream of vegetables",41.0,175.0,91.6,1.0,3.0,0.8,2.9,1.5,0.4,0.4,0.1,0.5,6.2,5.9
"Soup, fish, mixed varieties",32.0,136.0,92.5,2.0,3.0,0.5,1.4,0.7,0.6,0.1,0.0,0.1,5.7,6.7
"Soup, goulash, Hungarian style",51.0,216.0,89.8,1.2,5.0,0.3,3.0,1.3,1.3,0.2,3.0,0.0,6.2,5.8
"Soup, minestrone",46.0,196.0,89.1,3.2,4.0,0.5,2.0,0.7,0.5,0.3,8.0,0.7,6.6,6.3
"Soup, oxtail",30.0,127.0,92.3,1.5,4.5,0.1,0.7,0.3,0.2,0.1,10.0,0.0,5.9,5.8
"Soup, pea, green",64.0,268.0,84.2,2.8,6.8,0.0,2.2,1.0,0.0,0.0,15.0,3.0,,
"Soup, vegetarian, vegetable ",16.0,70.0,95.2,0.8,1.8,0.0,0.7,0.3,0.3,0.1,0.1,0.5,7.3,7.4
"Sour cream, full fat",185.0,773.0,73.7,2.8,3.5,3.5,18.0,12.0,6.0,1.0,59.0,0.0,5.4,5.4
"Soy flour, full-fat, raw",427.0,1785.0,5.0,37.5,23.0,10.0,20.5,3.5,4.0,13.0,0.0,12.0,,
Soy oil,882.0,3687.0,0.0,0.0,0.0,0.0,99.9,15.0,23.0,61.5,0.0,0.0,5.6,7.0
"Soy sauce, salted, tamari",128.0,539.0,67.4,11.5,20.0,19.5,0.1,0.0,0.0,0.0,0.0,0.0,5.8,4.7
"Soy sauce, sweet, tamari",266.0,1111.0,33.4,3.5,62.0,56.0,0.1,0.0,0.0,0.0,0.0,0.0,6.9,5.7
"Soy yogurt, plain",91.0,383.0,79.2,4.7,12.0,11.0,2.7,0.5,0.6,1.6,0.0,0.4,4.8,6.7
"Soybean sprouts, raw",75.0,316.0,81.5,7.0,4.5,0.0,2.5,0.8,0.1,0.4,0.0,3.5,7.4,8.2
"Soybeans, dried",428.0,1789.0,9.5,37.0,29.5,6.5,18.0,3.0,4.0,11.0,0.0,5.0,4.5,6.3
Soydrink,34.0,143.0,92.5,3.6,0.5,0.4,2.0,0.3,0.5,1.1,0.0,0.4,4.8,6.7
"Soymilk, plain",38.0,163.0,91.6,3.8,1.0,1.0,2.2,0.3,0.5,1.3,0.0,0.4,5.3,6.7
Spaghetti/macaroni with tomatosauce,117.0,492.0,76.5,4.2,11.9,3.0,5.9,0.8,2.2,2.6,80.0,0.5,7.0,6.2
Spelt,354.0,1481.0,5.4,12.2,69.3,,2.6,,,,,10.5,4.7,6.3
Spelt flour,361.0,1509.0,10.8,13.3,69.6,0.5,2.8,,,,0.0,2.5,,
"Spinach, cooked",16.0,71.0,92.1,3.6,0.6,0.2,0.0,0.0,0.0,0.0,0.0,2.7,8.0,8.5
"Spinach, raw",15.0,63.0,93.6,2.5,0.6,0.4,0.3,0.0,0.0,0.0,0.0,2.0,,
"Sprat, Atlantic fish, fillet",222.0,932.0,63.0,20.0,0.0,0.0,16.0,5.5,7.5,3.0,70.0,0.0,5.9,6.9
"Spring rolls, Chinese",207.0,870.0,58.5,8.5,20.0,3.0,10.0,1.5,4.5,1.8,100.0,2.0,6.6,4.3
"Squab, pigeon, raw",287.0,1200.0,56.5,18.5,0.0,0.0,24.0,8.5,10.0,3.5,100.0,0.0,3.8,5.7
"Squid rings, fried",429.0,1793.0,29.7,25.0,13.2,0.0,31.1,3.6,7.8,18.3,140.0,0.0,6.3,6.0
"Squid, mixed species, cooked, fried",147.0,618.0,68.5,24.5,1.0,0.0,5.0,1.5,0.5,0.5,200.0,0.0,5.1,6.8
"Squid, mixed species, raw",80.0,338.0,81.1,16.2,0.0,0.0,1.7,0.8,0.7,0.1,250.0,0.0,,
"Stock, dry, cubes, unprepared, meat",237.0,996.0,54.0,16.0,16.0,0.0,12.0,6.5,2.0,0.4,3.2,1.0,,
"Stock, dry, herbs and spices, unprepared",180.0,756.0,59.7,18.0,15.0,0.0,5.0,2.2,2.0,0.4,0.0,1.3,,
"Stock, prepared",6.0,28.0,97.9,0.5,0.1,0.0,0.5,0.3,0.2,0.0,0.1,0.0,6.5,6.2
"Stockfish, hydrated",138.0,581.0,66.0,32.0,0.0,0.0,1.0,0.2,0.1,0.4,,0.0,4.3,6.2
"Stockfish,fresh dried, not salted",342.0,1430.0,17.0,80.0,0.0,0.0,2.0,0.4,0.2,0.8,,0.0,4.3,6.2
"Strawberries, fresh",36.0,154.0,89.3,0.8,6.5,5.4,0.4,0.0,0.0,0.0,0.0,2.0,9.0,9.1
"Sugar, brown, powdered",387.0,1618.0,3.5,0.0,95.5,95.5,0.0,0.0,0.0,0.0,0.0,0.0,7.3,4.9
"Sugar, cain",390.0,1630.0,4.0,0.0,96.0,96.0,0.0,0.0,0.0,0.0,0.0,0.0,6.0,4.9
"Sugar, granulated",406.0,1697.0,0.0,0.0,100.0,100.0,0.0,0.0,0.0,0.0,0.0,0.0,5.9,3.7
"Sugar, powdered",406.0,1697.0,0.0,0.0,100.0,100.0,0.0,0.0,0.0,0.0,0.0,0.0,6.1,3.8
"Sugar, white",402.0,1680.0,1.0,0.0,99.0,99.0,0.0,0.0,0.0,0.0,0.0,0.0,6.1,4.1
Sunflower oil,881.0,3683.0,0.0,0.0,0.0,0.0,99.8,11.6,21.5,62.8,0.0,0.0,7.4,7.2
Sunflower seed kernels,629.0,2629.0,4.0,27.0,10.5,0.0,53.0,5.5,12.5,34.0,0.0,4.5,7.2,8.0
"Surimi, fish paste",105.0,443.0,74.1,15.5,8.4,1.5,1.0,0.4,0.2,0.4,30.0,0.0,5.1,5.7
"Sweet potato, raw",96.0,402.0,74.1,1.3,21.0,3.0,0.1,0.0,0.0,0.0,0.0,2.5,6.1,7.1
"Sweeteners, tabletop, mixed varieties",0.0,0.0,0.1,0.0,0.0,0.0,0.0,0.0,0.0,0.0,0.0,0.0,5.2,4.4
"Swordfish, raw",119.0,498.0,74.0,19.5,0.0,0.0,4.5,,,,,0.0,5.2,6.8
"Syrup, heavy, mixed varieties",292.0,1220.0,26.0,0.0,72.0,72.0,0.0,0.0,0.0,0.0,0.0,0.0,,
"Syrup, table blend, beetsugar",304.0,1270.0,24.0,0.0,75.0,74.0,0.0,0.0,0.0,0.0,0.0,0.0,6.3,4.6
"Syrups, grenadine, mixed varieties",223.0,935.0,44.0,0.0,55.0,55.0,0.0,0.0,0.0,0.0,0.0,0.0,6.0,4.5
"Taco shells, dried",506.0,2115.0,2.5,7.5,62.0,1.0,25.0,9.5,9.2,2.8,0.0,2.0,5.6,5.3
"Tangerines, mandarin oranges, fresh",49.0,209.0,86.0,0.7,10.1,1.7,0.3,0.0,0.0,0.0,0.0,1.9,8.3,8.9
Tapioca flour,349.0,1459.0,13.2,0.6,85.0,3.5,0.2,0.0,0.0,0.0,0.0,0.0,4.7,5.4
"Tea, black, brewed",0.0,0.0,100.0,0.0,0.0,0.0,0.0,0.0,0.0,0.0,0.0,0.0,6.5,6.5
"Tea, black, brewed, with sugar",10.0,45.0,96.3,0.0,2.7,2.7,0.0,0.0,0.0,0.0,0.0,0.0,6.5,6.2
"Tea, black, unprepared",353.0,1476.0,16.0,22.5,59.0,,2.5,,,,0.0,0.0,,
"Tea, green, brewed",0.0,0.0,100.0,0.0,0.0,0.0,0.0,0.0,0.0,0.0,0.0,0.0,6.7,7.7
Teff seeds,358.0,1496.0,11.4,9.6,73.0,73.0,2.0,,,,,3.0,,
Tempeh,151.0,636.0,69.2,12.0,5.5,0.3,8.3,1.5,4.3,1.7,0.0,4.0,5.3,6.2
Teriyaki sauce,90.0,379.0,76.7,6.1,16.2,,0.0,0.0,0.0,0.0,0.0,0.0,5.5,5.0
"Thymus, veal, raw",89.0,375.0,78.9,18.4,0.0,0.0,1.7,0.7,0.2,0.3,,0.0,4.1,4.7
"Tilapia, freshwater fish, raw",114.0,481.0,76.3,17.9,0.0,0.0,4.8,2.5,1.5,0.6,160.0,0.0,,
"Tofu, extra firm, raw",121.0,510.0,74.0,12.0,1.5,0.5,6.5,1.0,1.6,3.5,0.0,5.0,5.6,6.6
"Tomato juice, canned",18.0,78.0,94.0,0.8,3.1,1.4,0.1,0.0,0.0,0.0,0.0,1.0,6.1,7.7
Tomato ketchup,119.0,500.0,69.4,0.5,28.5,20.0,0.1,0.0,0.0,0.0,0.0,0.5,6.9,6.5
"Tomato paste, canned, conc. 30 %",76.0,320.0,78.6,3.5,14.0,10.0,0.0,0.0,0.0,0.0,0.0,2.9,7.2,7.3
"Tomato sauce, canned",51.0,216.0,85.9,1.4,9.2,6.9,1.9,0.6,1.1,0.1,0.0,0.6,6.9,6.5
"Tomatoes, red, raw",19.0,81.0,93.9,1.0,2.9,0.9,0.2,0.0,0.0,0.0,0.0,1.0,8.3,8.7
"Tongue, beef",188.0,782.0,68.5,17.3,0.0,0.0,13.2,5.6,6.5,1.0,110.0,0.0,4.2,5.5
"Tongue, veal",167.0,702.0,70.5,17.6,0.0,0.0,10.9,4.6,1.0,0.4,100.0,0.0,4.1,5.1
"Tonic water, carbonated",38.0,161.0,89.5,0.0,9.5,9.5,0.0,0.0,0.0,0.0,0.0,0.0,6.5,5.0
Tortilla chips,509.0,2133.0,0.7,7.1,66.5,1.5,23.6,10.1,9.0,2.6,0.0,1.1,6.0,3.0
"Trout, mixed species, cooked",132.0,553.0,72.1,22.1,0.0,0.0,4.8,1.2,1.6,1.7,66.0,0.0,6.5,7.7
"Trout, mixed species, raw",126.0,526.0,76.0,18.4,0.0,0.0,5.8,0.9,1.0,3.3,56.0,0.0,,
"Trout, rainbow char, cooked",162.0,681.0,68.3,22.7,0.0,0.0,8.0,1.3,5.4,0.6,83.0,0.0,6.0,7.8
"Truffles, black",34.0,145.0,90.0,5.5,1.0,0.0,0.5,,,,0.0,2.0,6.0,4.6
"Tuna, canned in oil",190.0,797.0,64.2,24.5,0.0,0.0,10.3,1.7,2.2,5.6,56.0,0.0,7.0,6.3
"Tuna, canned in water",114.0,480.0,72.0,25.9,0.0,0.0,1.1,0.4,0.2,0.4,57.0,0.0,,
"Tuna, raw",96.0,402.0,76.5,21.5,0.0,0.0,1.0,0.3,0.2,0.4,60.0,0.0,,
"Turbot, european, raw",84.0,355.0,80.2,17.0,0.0,0.0,1.8,0.5,0.5,0.4,70.0,0.0,5.4,7.5
"Turkey, all classes, meat and skin, raw",141.0,592.0,71.2,21.8,0.0,0.0,6.0,1.7,2.0,1.3,60.0,0.0,6.7,6.9
"Turkey, breast, meat only, raw",106.0,446.0,74.4,22.6,0.6,0.0,1.4,0.3,0.2,0.2,15.0,0.0,6.5,7.1
"Turkey, leg, meat and skin, raw",115.0,479.0,70.0,20.5,0.0,0.0,3.6,1.3,0.8,0.9,40.0,0.0,6.3,6.8
"Turnips, raw",25.0,106.0,91.9,1.5,3.4,2.7,0.2,0.0,0.0,0.0,0.0,2.0,5.8,7.6
"Veal, retail cuts, lean",104.0,439.0,75.0,22.4,0.0,0.0,1.6,0.8,0.7,0.1,57.0,0.0,6.5,6.5
"Veal, retail cuts, lean and fat",170.0,713.0,68.9,20.0,0.0,0.0,10.1,5.1,4.6,0.4,70.0,0.0,4.3,4.1
"Veal, ribeye, entrecôte",180.0,757.0,66.8,21.5,0.2,0.0,10.5,4.9,4.0,0.4,70.0,0.0,,
"Veal, ribeye, entrecôte, cooked",199.0,837.0,61.5,26.5,1.0,0.0,10.0,3.8,3.5,0.7,75.0,0.0,6.1,6.2
"Veal, shank, meat",112.0,469.0,74.8,21.3,0.0,0.0,2.9,1.0,0.9,0.1,55.0,0.0,4.5,5.4
"Vegetable spread, cucumber",160.0,674.0,72.4,1.4,13.8,13.5,11.2,1.6,2.3,6.3,0.0,0.2,6.5,7.0
"Vegetable spread, regular",205.0,862.0,63.3,2.6,13.8,4.5,14.8,5.4,6.5,1.3,0.0,4.5,5.5,6.3
"Vermicelli, pasta, raw",361.0,1509.0,10.8,10.0,75.0,5.5,1.5,0.0,0.0,1.5,0.0,1.7,6.0,5.6
"Vermouth, 12 % v/v",150.0,630.0,71.0,0.0,16.5,16.5,0.0,0.0,0.0,0.0,0.0,0.0,5.3,4.2
"Vieux, 35 % v/v",248.0,1040.0,63.5,0.0,1.5,1.5,0.0,0.0,0.0,0.0,0.0,0.0,5.0,3.8
"Vinegar, balsamico",77.0,326.0,79.8,0.2,19.0,19.0,0.0,0.0,0.0,0.0,0.0,0.0,6.7,6.7
"Vinegar, distilled",1.0,5.0,98.5,0.0,0.5,0.5,0.0,0.0,0.0,0.0,0.0,0.0,6.5,6.3
"Waffles, Belgian style",459.0,1919.0,13.4,6.0,56.0,,23.5,9.0,11.5,2.8,10.0,0.1,5.2,3.8
Walnut oil,879.0,3674.0,0.0,0.0,0.0,0.0,99.5,8.6,15.7,70.9,0.0,0.0,5.9,6.8
"Walnuts, raw",675.0,2822.0,2.0,14.4,12.1,12.0,62.5,5.0,14.0,44.0,0.0,8.0,7.5,7.8
"Water, bottled, carbonated",0.0,0.0,100.0,0.0,0.0,0.0,0.0,0.0,0.0,0.0,0.0,0.0,7.2,8.0
"Water, bottled, mixed varieites",0.0,0.0,100.0,0.0,0.0,0.0,0.0,0.0,0.0,0.0,0.0,0.0,7.4,8.1
"Water, bottled, non-carbonated",0.0,0.0,100.0,0.0,0.0,0.0,0.0,0.0,0.0,0.0,0.0,0.0,7.0,8.0
"Watercress, raw",20.0,84.0,93.6,1.6,2.0,2.0,0.3,0.0,0.0,0.0,0.0,1.5,6.0,8.1
"Watermelon, fresh",37.0,159.0,89.3,0.6,7.8,7.5,0.2,0.0,0.0,0.0,0.0,1.1,7.7,8.2
"Wheat bran, crude",317.0,1325.0,9.0,17.0,25.0,1.5,8.0,1.5,1.5,2.5,0.0,40.0,,
"Wheat flour, self-rising",343.0,1434.0,14.3,10.5,71.0,5.0,1.0,0.1,0.0,0.8,0.0,2.2,,
"Wheat flour, white",332.0,1388.0,12.9,11.4,62.2,0.5,1.5,0.0,0.0,1.0,0.0,11.0,,
"Wheat flour, whole-grain",346.0,1446.0,14.5,11.4,69.8,0.5,1.5,0.2,0.1,0.6,0.0,1.8,,
Wheat germ oil,879.0,3674.0,0.0,0.0,0.0,0.0,99.5,17.0,18.9,60.0,0.0,0.0,,
Wheat germs,391.0,1634.0,9.5,27.0,45.0,0.0,9.5,1.7,1.5,5.4,0.0,8.0,,
"Wheat, whole grain, raw",329.0,1375.0,14.5,12.4,59.5,1.0,2.0,0.2,0.2,0.7,0.0,10.6,,
"Whipped cream, sweetened",355.0,1484.0,48.0,2.0,18.0,18.0,31.0,17.8,7.5,1.0,82.0,0.0,6.6,3.5
Whipping cream,337.0,1409.0,58.2,2.0,2.8,2.8,36.0,20.0,11.0,1.0,110.0,0.0,6.2,3.4
"Whiskey, 40 % v/v",277.0,1160.0,60.0,0.0,0.0,0.0,0.0,0.0,0.0,0.0,0.0,0.0,4.4,3.1
"Whiting, mixed species, raw",85.0,358.0,79.3,18.5,0.0,0.0,1.2,0.0,0.0,1.0,60.0,0.0,6.9,7.9
"Wine, red, 13 % v/v",86.0,360.0,86.4,0.2,3.0,3.0,0.0,0.0,0.0,0.0,0.0,0.0,7.0,6.0
"Wine, rosé, 11 % v/v",63.0,264.0,87.0,0.1,2.5,2.5,0.0,0.0,0.0,0.0,0.0,0.0,7.1,5.2
"Wine, sekt,  12-14 % v/v",64.0,268.0,88.8,0.2,0.0,0.0,0.0,0.0,0.0,0.0,0.0,0.0,6.2,5.1
"Wine, white, 11,5 % v/v",80.0,336.0,88.3,0.2,0.0,0.0,0.0,0.0,0.0,0.0,0.0,0.0,6.0,4.2
"Wine, white, sweet, 11 % v/v",89.0,370.0,92.3,0.2,6.5,6.5,0.0,0.0,0.0,0.0,0.0,0.0,5.3,4.7
Winegums,233.0,976.0,41.8,1.5,55.5,55.5,0.2,0.0,0.0,0.0,0.0,0.0,5.7,3.1
wodka 80% proof,64.0,268.0,99.0,0.0,0.0,0.0,0.0,0.0,0.0,0.0,0.0,0.0,,
Worcestershire sauce,67.0,284.0,85.1,2.0,9.5,3.0,2.4,0.6,0.2,0.1,0.0,0.0,5.2,5.0
Yam,107.0,450.0,71.0,2.0,22.5,0.5,0.2,0.0,0.0,0.0,0.0,3.3,5.2,5.1
"Yeast bakers, fresh",88.0,372.0,74.0,16.5,1.0,0.0,0.5,0.1,0.3,0.0,0.0,7.0,,
Yeast extract,236.0,989.0,39.8,42.0,14.0,12.0,0.4,0.1,0.2,0.0,0.0,2.8,4.1,4.7
"Yeast extract spread, Marmite",240.0,1003.0,38.5,43.0,15.0,,0.0,0.0,0.0,0.0,0.0,2.5,4.1,5.8
"Yeast, dried",406.0,1697.0,0.0,47.9,34.5,34.5,4.2,0.5,2.4,0.0,0.0,18.0,,
"Yogurt drink, mixed fruit varieties",37.0,155.0,89.5,4.0,4.0,4.0,0.5,0.0,0.0,0.0,1.5,0.0,7.1,6.7
"Yogurt drink, plain",69.0,292.0,81.9,3.0,14.0,13.0,0.1,0.0,0.0,0.0,0.4,0.0,7.6,6.7
"Yogurt Greek, plain",58.0,243.0,84.9,10.2,3.5,3.2,0.4,0.1,0.1,0.0,4.5,0.0,,
"Yogurt, Bulgarian, full fat",84.0,353.0,83.5,4.5,6.5,6.5,4.5,2.5,1.1,0.1,15.0,0.0,6.3,6.3
"Yogurt, Bulgarian, no-fat",59.0,246.0,84.7,4.8,7.5,7.0,1.0,0.1,0.0,0.0,2.0,0.0,7.1,7.5
"Yogurt, mixed fruit varieties, full fat",96.0,406.0,77.9,3.9,14.5,14.0,2.5,1.5,0.1,0.3,10.0,0.2,7.5,7.0
"Yogurt, plain, full fat",65.0,271.0,86.2,3.8,4.5,4.0,3.5,2.0,1.0,,12.0,0.0,6.7,6.5
"Yogurt, plain, no-fat",33.0,138.0,90.0,3.4,4.5,4.0,0.1,0.1,0.0,0.0,5.5,0.0,7.1,7.5
"Yogurt, plain, reduced fat",49.0,207.0,88.7,3.5,5.2,4.7,1.6,1.0,0.5,0.0,5.2,0.0,7.5,7.4
"Yogurt, vanilla flavor, reduced fat, ",80.0,335.0,80.9,3.2,13.5,12.7,1.4,0.8,0.4,0.0,4.0,0.0,7.7,7.0
"Zucchini, raw",27.0,115.0,91.6,1.8,4.5,4.5,0.0,0.0,0.0,0.0,0.0,1.1,6.0,8.4
